1529.7107999999998300	0.0000008531486628
1529.7251000000001100	0.0000009121494031
1529.7347999999999500	0.0000008495761676
1529.7423000000001100	0.0000008424239013
1529.7492000000002000	0.0000008638743338
1529.7591999999999600	0.0000008495761676
1529.7719000000001900	0.0000008066625696
1529.7832000000000800	0.0000008442065109
1529.7928000000001700	0.0000008227569879
1529.8036000000001900	0.0000007762708947
1529.8155000000001500	0.0000007798433899
1529.8260000000000200	0.0000007583865909
1529.8336000000001600	0.0000008191781262
1529.8403000000000700	0.0000008102359743
1529.8505000000000100	0.0000007512352340
1529.8625999999999300	0.0000007583865909
1529.8733000000002000	0.0000007959387176
1529.8835000000001400	0.0000007923589465
1529.8949999999999800	0.0000008066625696
1529.9057000000000200	0.0000007762708947
1529.9156000000000400	0.0000007798433899
1529.9236000000000800	0.0000008281193686
1529.9308000000000900	0.0000008245395975
1529.9400000000000500	0.0000008388450397
1529.9520999999999700	0.0000008227569879
1529.9622000000001600	0.0000008406349252
1529.9719000000000000	0.0000008674531955
1529.9831000000001500	0.0000008924824897
1529.9945000000000100	0.0000008817586377
1530.0040000000001300	0.0000008710256907
1530.0117999999999900	0.0000008906926041
1530.0190999999999800	0.0000009014255511
1530.0285999999998700	0.0000009264548453
1530.0410999999999100	0.0000009157291743
1530.0517000000002100	0.0000009193016695
1530.0625000000000000	0.0000009443318731
1530.0743000000002200	0.0000009371786973
1530.0860999999999900	0.0000009228750741
1530.0960000000000000	0.0000009514841395
1530.1033999999999600	0.0000009300273405
1530.1106000000002000	0.0000009193016695
1530.1203000000000400	0.0000009210924645
1530.1322000000000100	0.0000009282447309
1530.1430000000000300	0.0000008620917242
1530.1530000000000200	0.0000008746054618
1530.1639000000000100	0.0000008853311328
1530.1755000000000500	0.0000008388450397
1530.1852000000001200	0.0000008352725445
1530.1926000000000800	0.0000008603018387
1530.1991000000000400	0.0000008102359743
1530.2085999999999300	0.0000007941488320
1530.2209000000000300	0.0000007959387176
1530.2311000000002000	0.0000008263294831
1530.2408000000000300	0.0000008013001889
1530.2518000000000000	0.0000008299092542
1530.2635999999999900	0.0000007637498811
1530.2737999999999400	0.0000007780535043
1530.2810999999999200	0.0000008334826589
1530.2878000000000600	0.0000008263294831
1530.2980000000002300	0.0000008013001889
1530.3106000000000200	0.0000007816332754
1530.3210000000001400	0.0000008495761676
1530.3306000000000000	0.0000008388450397
1530.3421000000000700	0.0000008495761676
1530.3530000000000600	0.0000008459963965
1530.3626999999999000	0.0000008728155763
1530.3700000000001200	0.0000008853311328
1530.3771000000001500	0.0000008781788665
1530.3864000000000900	0.0000008996356655
1530.3983000000000600	0.0000009157291743
1530.4091000000000800	0.0000009264548453
1530.4194999999999700	0.0000009336062021
1530.4322000000001900	0.0000009425483540
1530.4445000000000600	0.0000009550692539
1530.4545000000000500	0.0000009568464066
1530.4620999999999600	0.0000009550692539
1530.4698000000000800	0.0000009640059488
1530.4806000000000900	0.0000009604261777
1530.4936000000000100	0.0000009729408248
1530.5050000000001100	0.0000009568464066
1530.5148000000001500	0.0000009640059488
1530.5263000000002200	0.0000009586344731
1530.5382999999999300	0.0000009622142443
1530.5472999999999500	0.0000009389685829
1530.5540000000000900	0.0000009300273405
1530.5605000000000500	0.0000009407584685
1530.5709000000001600	0.0000009193016695
1530.5825999999999500	0.0000008924824897
1530.5930000000000700	0.0000008585119531
1530.6023000000000100	0.0000008853311328
1530.6131000000000300	0.0000008710256907
1530.6241000000000000	0.0000008603018387
1530.6336000000001100	0.0000008084533647
1530.6410000000000700	0.0000008459963965
1530.6480000000001400	0.0000008388450397
1530.6587000000001800	0.0000008585119531
1530.6701000000000500	0.0000008030900744
1530.6802000000000100	0.0000008352725445
1530.6905000000001500	0.0000008281193686
1530.7020000000000000	0.0000008299092542
1530.7121999999999400	0.0000008388450397
1530.7210000000000000	0.0000008245395975
1530.7285999999999100	0.0000008585119531
1530.7358000000001500	0.0000008299092542
1530.7466000000001700	0.0000008924824897
1530.7588000000000600	0.0000008513587773
1530.7699999999999800	0.0000009014255511
1530.7804000000001000	0.0000008763889809
1530.7927999999999400	0.0000009228750741
1530.8044000000002100	0.0000009175117839
1530.8138000000001300	0.0000009371786973
1530.8211000000001100	0.0000009282447309
1530.8282999999999000	0.0000009425483540
1530.8396999999999900	0.0000009854536529
1530.8522000000000400	0.0000009872453575
1530.8624999999999500	0.0000009890352430
1530.8723000000002200	0.0000009908233096
1530.8847000000000600	0.0000010140627182
1530.8964000000000800	0.0000010158544228
1530.9052999999999000	0.0000010033397757
1530.9120000000002600	0.0000010051278423
1530.9193999999999900	0.0000010229994132
1530.9309000000000600	0.0000010247874798
1530.9429000000000100	0.0000010051278423
1530.9532000000001500	0.0000009872453575
1530.9629999999999600	0.0000009997600046
1530.9751000000001100	0.0000010051278423
1530.9860000000001000	0.0000009854536529
1530.9939000000001700	0.0000009568464066
1531.0009000000002300	0.0000009657940154
1531.0083999999999400	0.0000009604261777
1531.0199999999999800	0.0000009353960877
1531.0309999999999500	0.0000009157291743
1531.0407000000000100	0.0000009049980463
1531.0498000000000000	0.0000008960622608
1531.0609000000001700	0.0000008996356655
1531.0714000000000400	0.0000008692430811
1531.0801000000001300	0.0000008889099945
1531.0871999999999400	0.0000008549394579
1531.0946000000001300	0.0000008942723753
1531.1061000000002000	0.0000008477862821
1531.1181999999998900	0.0000008817586377
1531.1289000000001600	0.0000008763889809
1531.1394000000000200	0.0000009049980463
1531.1520000000000400	0.0000008746054618
1531.1640999999999600	0.0000008799687521
1531.1732999999999200	0.0000009264548453
1531.1800000000000600	0.0000009193016695
1531.1881000000000700	0.0000009103595175
1531.2006000000001200	0.0000009067879319
1531.2127000000000400	0.0000009747288914
1531.2235000000000600	0.0000009765205959
1531.2342999999998500	0.0000009693610536
1531.2466000000001700	0.0000009568464066
1531.2572000000000100	0.0000010015480711
1531.2657000000001500	0.0000010229994132
1531.2728999999999300	0.0000010212222605
1531.2809999999999500	0.0000009944030808
1531.2933000000000400	0.0000010176424894
1531.3051000000000400	0.0000010766377727
1531.3156000000001300	0.0000010802157249
1531.3262999999999400	0.0000010319470221
1531.3379000000002200	0.0000010283672509
1531.3480000000001800	0.0000010855872006
1531.3560999999999700	0.0000010945202575
1531.3633000000002100	0.0000010373021269
1531.3713999999999900	0.0000010247874798
1531.3830000000000400	0.0000010587680208
1531.3944000000001300	0.0000010730725535
1531.4037000000000700	0.0000010390938314
1531.4130999999999800	0.0000010033397757
1531.4247000000000300	0.0000010122746517
1531.4348999999999700	0.0000010140627182
1531.4437000000000300	0.0000009908233096
1531.4509000000000400	0.0000009640059488
1531.4595000000001600	0.0000009514841395
1531.4721000000001800	0.0000009479116443
1531.4840999999999000	0.0000009318172260
1531.4948000000001700	0.0000009121494031
1531.5065000000001900	0.0000009282447309
1531.5191999999999500	0.0000009371786973
1531.5297000000000500	0.0000009210924645
1531.5379000000000300	0.0000009049980463
1531.5450000000000700	0.0000009282447309
1531.5536000000001900	0.0000009657940154
1531.5652000000000000	0.0000009765205959
1531.5760000000000200	0.0000009407584685
1531.5860999999999900	0.0000009675839010
1531.5972000000001600	0.0000010319470221
1531.6094000000000500	0.0000010408818980
1531.6195000000000100	0.0000009961802334
1531.6272000000001300	0.0000010051278423
1531.6341000000002200	0.0000010712808489
1531.6429000000000500	0.0000010927321910
1531.6551999999999200	0.0000010480414403
1531.6662000000001200	0.0000010516066595
1531.6760000000001600	0.0000010998917332
1531.6864000000000500	0.0000011392255601
1531.6976999999999400	0.0000010766377727
1531.7082000000000300	0.0000010998917332
1531.7164000000000200	0.0000011016670669
1531.7235000000000600	0.0000011678328065
1531.7320000000002000	0.0000011231311419
1531.7442000000000900	0.0000011177596662
1531.7559000000001100	0.0000010927321910
1531.7654000000000000	0.0000011749796158
1531.7757000000001400	0.0000011588851976
1531.7872999999999600	0.0000011034551335
1531.7977000000000800	0.0000010927321910
1531.8060000000000400	0.0000011088266092
1531.8131000000000700	0.0000011320660178
1531.8212000000000900	0.0000010730725535
1531.8329000000001100	0.0000010659130112
1531.8439000000000700	0.0000010301589555
1531.8541000000000100	0.0000010480414403
1531.8652000000001800	0.0000010069195469
1531.8778999999999500	0.0000009818884337
1531.8890000000001200	0.0000009693610536
1531.8973000000000800	0.0000009550692539
1531.9054000000001000	0.0000009407584685
1531.9143000000001400	0.0000009157291743
1531.9266999999999800	0.0000009157291743
1531.9385999999999500	0.0000009121494031
1531.9493999999999700	0.0000009067879319
1531.9604999999999100	0.0000009193016695
1531.9722000000001600	0.0000009318172260
1531.9820999999999400	0.0000009282447309
1531.9898000000000600	0.0000009371786973
1531.9969000000000900	0.0000009604261777
1532.0045999999999800	0.0000009997600046
1532.0158999999998700	0.0000009926150142
1532.0268000000000900	0.0000009997600046
1532.0367000000001100	0.0000010229994132
1532.0471000000000000	0.0000010945202575
1532.0592000000001400	0.0000011034551335
1532.0695000000000600	0.0000010587680208
1532.0776000000000700	0.0000010927321910
1532.0848000000000800	0.0000011034551335
1532.0928000000001200	0.0000011678328065
1532.1042000000002200	0.0000011195513707
1532.1159000000000100	0.0000011553054264
1532.1252999999999200	0.0000011213394373
1532.1345000000001100	0.0000011803474536
1532.1454000000001100	0.0000011749796158
1532.1554000000001000	0.0000011535282738
1532.1639999999999900	0.0000011785593870
1532.1712000000000000	0.0000011445788459
1532.1788000000001400	0.0000011857043773
1532.1904999999999300	0.0000011159715996
1532.2024000000001200	0.0000011660447399
1532.2128000000000100	0.0000010873752672
1532.2236000000000300	0.0000011463705505
1532.2369000000001000	0.0000010694927823
1532.2486000000001200	0.0000011177596662
1532.2572999999999800	0.0000010569763162
1532.2652000000000500	0.0000010730725535
1532.2740000000001100	0.0000010301589555
1532.2854999999999500	0.0000010533983641
1532.2974999999999000	0.0000010158544228
1532.3081000000001900	0.0000009622142443
1532.3187000000000300	0.0000009496942539
1532.3310000000001300	0.0000009711491202
1532.3422000000000500	0.0000009604261777
1532.3514000000000100	0.0000009103595175
1532.3586000000000200	0.0000009139392887
1532.3658000000000300	0.0000009371786973
1532.3765000000000800	0.0000009657940154
1532.3885999999999900	0.0000009353960877
1532.3987000000001900	0.0000009300273405
1532.4084000000000300	0.0000009479116443
1532.4201000000000500	0.0000009926150142
1532.4311000000000100	0.0000009854536529
1532.4395999999999300	0.0000009854536529
1532.4469999999998900	0.0000009890352430
1532.4545000000000500	0.0000010229994132
1532.4649000000001700	0.0000010408818980
1532.4764999999999900	0.0000010319470221
1532.4869000000001000	0.0000010480414403
1532.4966000000001700	0.0000010712808489
1532.5074000000001900	0.0000010963119621
1532.5176000000001300	0.0000010891524198
1532.5266000000001400	0.0000010909404864
1532.5342000000000500	0.0000011016670669
1532.5403999999998600	0.0000011070349046
1532.5495000000000800	0.0000011088266092
1532.5618999999999200	0.0000011106146758
1532.5733999999999900	0.0000011195513707
1532.5828999999998800	0.0000011124063803
1532.5946000000001300	0.0000011195513707
1532.6068999999999900	0.0000010981000287
1532.6179000000001900	0.0000011284862467
1532.6252999999999200	0.0000010945202575
1532.6323999999999600	0.0000011141944469
1532.6426000000001300	0.0000010694927823
1532.6562000000001200	0.0000011231311419
1532.6674000000000400	0.0000010945202575
1532.6771000000001100	0.0000010301589555
1532.6890000000000800	0.0000010265791843
1532.7012999999999400	0.0000010641213066
1532.7110999999999900	0.0000010569763162
1532.7183999999999700	0.0000009854536529
1532.7255999999999800	0.0000009854536529
1532.7353000000000500	0.0000009622142443
1532.7476000000001500	0.0000009944030808
1532.7588000000000600	0.0000009818884337
1532.7685999999998800	0.0000009210924645
1532.7795000000001000	0.0000008996356655
1532.7908999999999600	0.0000009622142443
1532.8008999999999500	0.0000009711491202
1532.8084000000001200	0.0000008960622608
1532.8152999999999800	0.0000009032081607
1532.8241000000000400	0.0000009747288914
1532.8370000000002100	0.0000009854536529
1532.8478999999999800	0.0000009747288914
1532.8574000000001000	0.0000009586344731
1532.8680000000001600	0.0000010015480711
1532.8797999999999300	0.0000010390938314
1532.8897999999999200	0.0000010516066595
1532.8978999999999300	0.0000010140627182
1532.9050999999999500	0.0000010283672509
1532.9138000000000400	0.0000011034551335
1532.9262000000001100	0.0000011213394373
1532.9375999999999700	0.0000010694927823
1532.9475999999999600	0.0000010802157249
1532.9583000000000100	0.0000011410136267
1532.9701999999999800	0.0000011624649687
1532.9806000000000900	0.0000011177596662
1532.9881000000000300	0.0000011159715996
1532.9949000000001400	0.0000011249210274
1533.0036000000000000	0.0000011499485026
1533.0158000000001200	0.0000011267090940
1533.0274999999999200	0.0000011070349046
1533.0379000000000300	0.0000011052468381
1533.0494000000001000	0.0000011249210274
1533.0615000000000200	0.0000011141944469
1533.0715000000002400	0.0000011070349046
1533.0792000000001300	0.0000011106146758
1533.0866000000000900	0.0000010945202575
1533.0947000000001000	0.0000010623332400
1533.1061999999999400	0.0000010605560874
1533.1173000000001100	0.0000010855872006
1533.1270000000001800	0.0000010641213066
1533.1372999999998700	0.0000009944030808
1533.1490000000001100	0.0000009854536529
1533.1594000000000000	0.0000010373021269
1533.1667000000002200	0.0000010480414403
1533.1736000000000800	0.0000009801003671
1533.1821999999999600	0.0000009389685829
1533.1944000000000800	0.0000009836655863
1533.2057999999999500	0.0000010033397757
1533.2151000000001200	0.0000010015480711
1533.2246000000000100	0.0000009210924645
1533.2363000000000300	0.0000009675839010
1533.2463000000000200	0.0000009961802334
1533.2539999999999000	0.0000010140627182
1533.2605000000000900	0.0000009854536529
1533.2684000000001500	0.0000009926150142
1533.2801999999999200	0.0000010569763162
1533.2916000000000100	0.0000010694927823
1533.3017999999999600	0.0000010766377727
1533.3132000000000500	0.0000010551864307
1533.3253999999999400	0.0000011249210274
1533.3360000000002400	0.0000011374338555
1533.3445000000001500	0.0000011445788459
1533.3518000000001400	0.0000011070349046
1533.3615000000002000	0.0000011517402072
1533.3741999999999700	0.0000011928621007
1533.3858000000000200	0.0000012089437860
1533.3966000000000300	0.0000011570934930
1533.4080999999998700	0.0000011678328065
1533.4198999999998700	0.0000012232464996
1533.4291000000000600	0.0000012375528513
1533.4364000000000500	0.0000011910722151
1533.4432999999999100	0.0000011713998447
1533.4519000000000200	0.0000012053785667
1533.4634000000000900	0.0000012161015093
1533.4738999999999600	0.0000011928621007
1533.4835000000000500	0.0000011696081401
1533.4940999999998900	0.0000011553054264
1533.5054999999999800	0.0000011624649687
1533.5150999999998500	0.0000011481604361
1533.5224000000000600	0.0000011553054264
1533.5295000000001000	0.0000011427907793
1533.5382999999999300	0.0000011034551335
1533.5497000000000300	0.0000010837954960
1533.5599999999999400	0.0000011177596662
1533.5695000000000600	0.0000011213394373
1533.5800000000001500	0.0000010909404864
1533.5906999999999700	0.0000010337387266
1533.5999999999999100	0.0000010480414403
1533.6079999999999500	0.0000010820074294
1533.6147000000000800	0.0000010748606201
1533.6232000000002200	0.0000010176424894
1533.6354000000001200	0.0000009908233096
1533.6470999999999100	0.0000010677010778
1533.6575000000000300	0.0000010551864307
1533.6691000000000700	0.0000010891524198
1533.6808000000000900	0.0000010229994132
1533.6913999999999300	0.0000010981000287
1533.6995000000001700	0.0000010855872006
1533.7065000000000000	0.0000011392255601
1533.7160000000001200	0.0000011213394373
1533.7293999999999400	0.0000011570934930
1533.7410999999999600	0.0000011624649687
1533.7505000000001000	0.0000011785593870
1533.7612000000001400	0.0000012357629657
1533.7732000000000900	0.0000012304060419
1533.7835000000000000	0.0000012393409179
1533.7909999999999400	0.0000012232464996
1533.7971999999999700	0.0000012822545159
1533.8069000000000400	0.0000012625803265
1533.8199999999999300	0.0000012893995063
1533.8312000000000800	0.0000012643720311
1533.8407999999999400	0.0000012929792774
1533.8520000000000900	0.0000012643720311
1533.8639000000000600	0.0000012893995063
1533.8732999999999700	0.0000012715315734
1533.8798999999999000	0.0000012715315734
1533.8865000000000700	0.0000012536454506
1533.8969999999999300	0.0000012625803265
1533.9090000000001000	0.0000012643720311
1533.9184000000000200	0.0000012339858131
1533.9272000000000800	0.0000012393409179
1533.9383000000000200	0.0000012161015093
1533.9492999999999900	0.0000012268262708
1533.9581000000000600	0.0000012017987956
1533.9647000000002200	0.0000012089437860
1533.9711999999999500	0.0000011678328065
1533.9818999999999900	0.0000011857043773
1533.9944000000000400	0.0000011660447399
1534.0049999999998800	0.0000011588851976
1534.0147999999999200	0.0000011052468381
1534.0267000000001200	0.0000011535282738
1534.0383999999999100	0.0000011374338555
1534.0480999999999700	0.0000011499485026
1534.0553999999999600	0.0000010891524198
1534.0627999999999200	0.0000011374338555
1534.0745000000001700	0.0000011213394373
1534.0872999999999100	0.0000011499485026
1534.0980999999999300	0.0000011374338555
1534.1087999999999700	0.0000011713998447
1534.1213000000000200	0.0000011535282738
1534.1318000000001100	0.0000011713998447
1534.1401000000000700	0.0000012375528513
1534.1469000000001900	0.0000012214584331
1534.1554000000001000	0.0000012250382042
1534.1674000000000400	0.0000012304060419
1534.1792000000000400	0.0000013090736957
1534.1891000000000500	0.0000013269452666
1534.1997999999998700	0.0000013323131043
1534.2116999999998400	0.0000013072856291
1534.2219000000000000	0.0000013412497992
1534.2290000000000400	0.0000013805836261
1534.2355000000000000	0.0000013734386357
1534.2443000000000600	0.0000013609239886
1534.2561000000000600	0.0000013752267023
1534.2672999999999800	0.0000013859514638
1534.2763999999999600	0.0000013805836261
1534.2864000000001800	0.0000013788064734
1534.2979000000000200	0.0000013645037598
1534.3087000000000400	0.0000013698570456
1534.3168000000000600	0.0000013484093415
1534.3226999999999400	0.0000013305250377
1534.3317999999999300	0.0000013144306195
1534.3456000000001000	0.0000013126534668
1534.3576000000000500	0.0000012929792774
1534.3674000000000900	0.0000012554371551
1534.3781999999998800	0.0000012768848592
1534.3903000000000200	0.0000012411326225
1534.4010000000000700	0.0000012625803265
1534.4084000000000300	0.0000011982190244
1534.4143000000001400	0.0000012161015093
1534.4246000000000500	0.0000012053785667
1534.4379000000001300	0.0000012089437860
1534.4487000000001400	0.0000011982190244
1534.4582000000000300	0.0000011660447399
1534.4697000000001000	0.0000012089437860
1534.4815000000000900	0.0000011570934930
1534.4912000000001600	0.0000012196812804
1534.4979000000000700	0.0000011570934930
1534.5044000000000300	0.0000012214584331
1534.5161000000000500	0.0000011982190244
1534.5287000000000700	0.0000012447123936
1534.5388000000000400	0.0000012125235571
1534.5486000000000800	0.0000012357629657
1534.5600999999999200	0.0000013019159724
1534.5710000000001400	0.0000013180103906
1534.5786000000000500	0.0000012840462205
1534.5851000000000100	0.0000012786765637
1534.5928999999998700	0.0000013501992271
1534.6047000000000900	0.0000013716487501
1534.6160000000002100	0.0000013323131043
1534.6252999999999200	0.0000013466176370
1534.6353999999998900	0.0000014342219856
1534.6472999999998600	0.0000014288650618
1534.6586999999999500	0.0000013591322841
1534.6670000000001400	0.0000013770184069
1534.6732999999999200	0.0000014556842416
1534.6816000000001100	0.0000014592640127
1534.6942999999998800	0.0000013913229395
1534.7065000000000000	0.0000014038375866
1534.7164000000000200	0.0000014109825770
1534.7268000000001400	0.0000014324448330
1534.7399000000000300	0.0000013859514638
1534.7516000000000500	0.0000013931110061
1534.7594999999998900	0.0000013519872937
1534.7659000000001000	0.0000013841633972
1534.7757000000001400	0.0000013430378658
1534.7897000000000400	0.0000013037040389
1534.8011000000001300	0.0000012893995063
1534.8108000000002000	0.0000012858342870
1534.8222000000000600	0.0000012697398688
1534.8342999999999800	0.0000012536454506
1534.8440000000000500	0.0000012214584331
1534.8511000000000900	0.0000012536454506
1534.8572000000001500	0.0000012375528513
1534.8670999999999300	0.0000012393409179
1534.8795000000000100	0.0000011928621007
1534.8899000000001200	0.0000012232464996
1534.8994999999999900	0.0000012339858131
1534.9110000000000600	0.0000012429206890
1534.9227000000000800	0.0000012089437860
1534.9315999999998900	0.0000012214584331
1534.9381000000000700	0.0000012697398688
1534.9449000000001900	0.0000012697398688
1534.9559999999999000	0.0000012268262708
1534.9679000000001000	0.0000012429206890
1534.9771000000000600	0.0000013197984572
1534.9861000000000800	0.0000013323131043
1534.9977000000001200	0.0000012733196399
1535.0089000000000400	0.0000012733196399
1535.0176000000001300	0.0000013537644463
1535.0245999999999600	0.0000013895312350
1535.0317999999999700	0.0000013305250377
1535.0432000000000700	0.0000013287333331
1535.0556999999998900	0.0000013537644463
1535.0663999999999300	0.0000014288650618
1535.0763000000001700	0.0000013913229395
1535.0887000000000200	0.0000013573442175
1535.1014000000002400	0.0000013466176370
1535.1110999999998500	0.0000013805836261
1535.1178000000002100	0.0000013823716927
1535.1263000000001300	0.0000013573442175
1535.1394000000000200	0.0000013484093415
1535.1517000000001200	0.0000013466176370
1535.1618000000000800	0.0000013537644463
1535.1733999999999000	0.0000013466176370
1535.1858999999999400	0.0000013215901618
1535.1967999999999400	0.0000013090736957
1535.2046000000000300	0.0000013054939245
1535.2112999999999400	0.0000012983507531
1535.2201000000000000	0.0000012661600977
1535.2328000000002200	0.0000012661600977
1535.2445000000000100	0.0000012482776128
1535.2542000000000800	0.0000012465004602
1535.2649000000001200	0.0000012232464996
1535.2774000000001700	0.0000012250382042
1535.2883000000001600	0.0000012232464996
1535.2956000000001500	0.0000012089437860
1535.3025000000000100	0.0000012017987956
1535.3119000000001500	0.0000012071666333
1535.3249000000000700	0.0000012107318526
1535.3354999999999100	0.0000012000070910
1535.3443999999999500	0.0000012071666333
1535.3551000000002200	0.0000012214584331
1535.3668000000000100	0.0000012411326225
1535.3768000000000000	0.0000012143134427
1535.3837000000000900	0.0000012339858131
1535.3895000000000000	0.0000012465004602
1535.3992000000000600	0.0000012929792774
1535.4118000000000800	0.0000012768848592
1535.4225000000001300	0.0000012768848592
1535.4316000000001100	0.0000012929792774
1535.4424999999998800	0.0000013662918263
1535.4548000000002000	0.0000013430378658
1535.4650999999998900	0.0000013305250377
1535.4720999999999500	0.0000013108654002
1535.4789000000000600	0.0000014002578155
1535.4900000000000100	0.0000014002578155
1535.5037999999999500	0.0000013466176370
1535.5148999999999000	0.0000013877431684
1535.5245999999999600	0.0000013519872937
1535.5365999999999100	0.0000014038375866
1535.5489000000000000	0.0000013144306195
1535.5584000000001200	0.0000014038375866
1535.5649000000000800	0.0000013072856291
1535.5715000000000100	0.0000013823716927
1535.5833999999999800	0.0000013072856291
1535.5960999999999800	0.0000013752267023
1535.6064000000001200	0.0000013555525129
1535.6155000000001100	0.0000013001388197
1535.6278999999999500	0.0000012947709820
1535.6392000000000700	0.0000013054939245
1535.6479000000001600	0.0000013054939245
1535.6546000000000700	0.0000012429206890
1535.6621000000002400	0.0000012447123936
1535.6736000000000800	0.0000012286179754
1535.6851000000001500	0.0000012393409179
1535.6947999999999800	0.0000012143134427
1535.7041999999999000	0.0000011874924439
1535.7162000000000700	0.0000011874924439
1535.7272000000000400	0.0000011982190244
1535.7364999999999800	0.0000011892841485
1535.7427000000000100	0.0000011696081401
1535.7510000000002000	0.0000011874924439
1535.7629999999999200	0.0000012035868622
1535.7757000000001400	0.0000011910722151
1535.7863999999999600	0.0000012000070910
1535.7963999999999500	0.0000012035868622
1535.8085000000000900	0.0000012411326225
1535.8197999999999800	0.0000012447123936
1535.8286000000000500	0.0000012500656794
1535.8348999999998300	0.0000012518573840
1535.8426000000001700	0.0000012804646303
1535.8549000000000400	0.0000013019159724
1535.8671999999999100	0.0000013001388197
1535.8772000000001300	0.0000013251699329
1535.8867000000000200	0.0000013197984572
1535.8985999999999900	0.0000013358928754
1535.9092000000000500	0.0000013144306195
1535.9173000000000700	0.0000013108654002
1535.9233999999999000	0.0000013287333331
1535.9312999999999600	0.0000013358928754
1535.9435000000000800	0.0000013072856291
1535.9548000000002000	0.0000013090736957
1535.9645000000000400	0.0000013323131043
1535.9753000000000600	0.0000013180103906
1535.9871000000000500	0.0000012929792774
1535.9972000000000200	0.0000012822545159
1536.0044000000000300	0.0000013358928754
1536.0100999999999600	0.0000013376845800
1536.0183999999999300	0.0000012679518022
1536.0307000000000200	0.0000013019159724
1536.0415000000000400	0.0000012947709820
1536.0500000000001800	0.0000013269452666
1536.0601000000001500	0.0000012822545159
1536.0730000000000900	0.0000012715315734
1536.0834999999999600	0.0000012286179754
1536.0908000000001700	0.0000012947709820
1536.0970000000002100	0.0000012858342870
1536.1065000000000900	0.0000012017987956
1536.1200000000001200	0.0000012089437860
1536.1320000000000600	0.0000012607922599
1536.1414999999999500	0.0000012554371551
1536.1517000000001200	0.0000012411326225
1536.1644000000001100	0.0000011964273199
1536.1756000000000300	0.0000012357629657
1536.1832999999999200	0.0000012661600977
1536.1897000000001300	0.0000012804646303
1536.2006000000001200	0.0000012554371551
1536.2146000000000200	0.0000012679518022
1536.2264999999999900	0.0000013126534668
1536.2364999999999800	0.0000013394726466
1536.2482000000002200	0.0000013341048088
1536.2606000000000700	0.0000013573442175
1536.2703000000001300	0.0000013823716927
1536.2772999999999700	0.0000013859514638
1536.2835999999999800	0.0000013913229395
1536.2937999999999200	0.0000014109825770
1536.3062999999999600	0.0000014431714135
1536.3169000000000300	0.0000014395898233
1536.3260000000000200	0.0000014395898233
1536.3372999999999100	0.0000014485246993
1536.3484000000000800	0.0000014860704596
1536.3571999999999200	0.0000014646191175
1536.3636000000001300	0.0000014592640127
1536.3706000000001900	0.0000014431714135
1536.3812000000000300	0.0000014878585262
1536.3933999999999300	0.0000014771355836
1536.4031999999999700	0.0000014306567664
1536.4121999999999800	0.0000014181403003
1536.4235000000001000	0.0000014681988887
1536.4347999999999900	0.0000014825034214
1536.4438000000000100	0.0000013984661109
1536.4507000000001000	0.0000013805836261
1536.4572000000000600	0.0000014467366327
1536.4682000000000200	0.0000014681988887
1536.4805999999998700	0.0000013966780443
1536.4915000000000900	0.0000013537644463
1536.5013000000001300	0.0000014252852907
1536.5128000000002000	0.0000014270769952
1536.5242000000000600	0.0000014038375866
1536.5338999999999000	0.0000013341048088
1536.5411000000001400	0.0000013770184069
1536.5488000000000300	0.0000014038375866
1536.5608000000002000	0.0000014270769952
1536.5741000000000400	0.0000013358928754
1536.5851000000000100	0.0000013555525129
1536.5943999999999500	0.0000014020458821
1536.6063999999998900	0.0000014109825770
1536.6177000000000100	0.0000013770184069
1536.6267000000000300	0.0000013609239886
1536.6327000000001100	0.0000014181403003
1536.6394000000000200	0.0000014252852907
1536.6510000000000700	0.0000014503164039
1536.6630000000000100	0.0000014181403003
1536.6730999999999700	0.0000014753438791
1536.6826000000000900	0.0000015057428300
1536.6948999999999600	0.0000015289822386
1536.7062000000000800	0.0000015057428300
1536.7150000000001400	0.0000015307721242
1536.7215000000001000	0.0000015647508462
1536.7296000000001200	0.0000015933471786
1536.7417000000000400	0.0000015826224171
1536.7536000000000000	0.0000015790426460
1536.7633000000000700	0.0000016040846731
1536.7726000000000100	0.0000016148094346
1536.7847999999999000	0.0000016076498923
1536.7954999999999500	0.0000016076498923
1536.8037000000001600	0.0000016130213680
1536.8101000000001500	0.0000016058618257
1536.8181999999999300	0.0000016094415969
1536.8299000000001800	0.0000016255360151
1536.8411000000000900	0.0000016183892058
1536.8509000000001400	0.0000015879902548
1536.8607999999999200	0.0000015683160655
1536.8727000000001200	0.0000016040846731
1536.8833999999999400	0.0000016148094346
1536.8916000000001500	0.0000015862021883
1536.8979999999999100	0.0000015343518953
1536.9064000000000700	0.0000015504481325
1536.9192000000000400	0.0000015736875412
1536.9314999999999100	0.0000015575913039
1536.9420000000000100	0.0000015289822386
1536.9523999999999000	0.0000014825034214
1536.9645000000000400	0.0000015379316665
1536.9753000000000600	0.0000015361435999
1536.9830999999999200	0.0000015271941720
1536.9891000000002300	0.0000015021630588
1536.9976000000001500	0.0000015254170194
1537.0100999999999600	0.0000015271941720
1537.0215000000000600	0.0000015486564280
1537.0316000000000200	0.0000015575913039
1537.0417000000002200	0.0000015575913039
1537.0539000000001100	0.0000015611710751
1537.0647000000001300	0.0000015951352452
1537.0721000000000900	0.0000015933471786
1537.0780999999999500	0.0000016005049019
1537.0878000000000100	0.0000016273240817
1537.1010000000001100	0.0000016201645394
1537.1109999999998700	0.0000016559349660
1537.1195999999999900	0.0000016630799564
1537.1309000000001100	0.0000016934770883
1537.1435000000001300	0.0000016809624412
1537.1532000000002000	0.0000017328109152
1537.1603000000000000	0.0000016934770883
1537.1670999999998900	0.0000017489071524
1537.1773000000000600	0.0000017435356767
1537.1900000000000500	0.0000017363906863
1537.2017000000000700	0.0000017399559056
1537.2115000000001100	0.0000017292329630
1537.2227000000000300	0.0000017292329630
1537.2355999999999700	0.0000017256531919
1537.2463999999999900	0.0000017113486592
1537.2537999999999500	0.0000017149284304
1537.2606000000000700	0.0000017113486592
1537.2712999999998800	0.0000016809624412
1537.2842000000000500	0.0000016166011392
1537.2949999999998400	0.0000016344690721
1537.3040000000000900	0.0000016255360151
1537.3150000000000500	0.0000015826224171
1537.3265000000001200	0.0000016058618257
1537.3358000000000600	0.0000015647508462
1537.3425000000002000	0.0000015754774267
1537.3487000000002300	0.0000015611710751
1537.3592000000001000	0.0000015629627796
1537.3712000000000400	0.0000014950180685
1537.3813000000000100	0.0000014592640127
1537.3904000000000000	0.0000014360100522
1537.4021999999999900	0.0000014771355836
1537.4140999999999600	0.0000015164694105
1537.4230000000000000	0.0000015379316665
1537.4297999999998800	0.0000014288650618
1537.4370000000001200	0.0000015504481325
1537.4484000000002200	0.0000015021630588
1537.4603000000001900	0.0000015003749922
1537.4699000000000500	0.0000015414968857
1537.4791000000000100	0.0000015504481325
1537.4911999999999300	0.0000015772654933
1537.5029999999999300	0.0000015540115328
1537.5119999999999400	0.0000015951352452
1537.5186999999998500	0.0000016344690721
1537.5263999999999600	0.0000016755946035
1537.5384000000001400	0.0000016237443106
1537.5509999999999300	0.0000016434185000
1537.5617999999999500	0.0000017310210296
1537.5724000000000100	0.0000017614217995
1537.5844999999999300	0.0000017381678390
1537.5959000000000300	0.0000016970568595
1537.6047000000000900	0.0000017006220787
1537.6113000000000300	0.0000017846612081
1537.6195999999999900	0.0000017792897324
1537.6330000000000400	0.0000017095733256
1537.6450999999999500	0.0000017149284304
1537.6548000000000200	0.0000016952687929
1537.6653000000001100	0.0000017006220787
1537.6781000000000800	0.0000016845422124
1537.6890000000000800	0.0000016523551949
1537.6967999999999400	0.0000016112296635
1537.7029999999999700	0.0000016237443106
1537.7117000000000600	0.0000015915700260
1537.7237000000000100	0.0000015826224171
1537.7349000000001500	0.0000015772654933
1537.7440999999998900	0.0000015379316665
1537.7545999999999800	0.0000014985978396
1537.7667999999998700	0.0000015182574771
1537.7770000000000400	0.0000015093244201
1537.7837000000001800	0.0000014860704596
1537.7902000000001400	0.0000014503164039
1537.7997000000000300	0.0000014413797089
1537.8116000000000000	0.0000014628310510
1537.8211000000001100	0.0000015093244201
1537.8303000000000800	0.0000015128896393
1537.8415999999999700	0.0000014145623481
1537.8528000000001100	0.0000015075327156
1537.8614999999999800	0.0000015361435999
1537.8686999999999900	0.0000014807153548
1537.8758000000000200	0.0000014378017568
1537.8862999999998900	0.0000015325638287
1537.8988999999999100	0.0000015057428300
1537.9099000000001100	0.0000015254170194
1537.9202000000002500	0.0000015969269498
1537.9321999999999600	0.0000015772654933
1537.9438000000000100	0.0000015575913039
1537.9530000000002000	0.0000016237443106
1537.9601000000000100	0.0000016022966065
1537.9677000000001500	0.0000016630799564
1537.9800000000000200	0.0000016416286144
1537.9932000000001100	0.0000016845422124
1538.0037999999999500	0.0000016541432615
1538.0142000000000700	0.0000017220879727
1538.0269000000000700	0.0000016934770883
1538.0384000000001400	0.0000016827541458
1538.0474000000001500	0.0000016738028989
1538.0542000000000400	0.0000017202962681
1538.0619999999999000	0.0000016988340121
1538.0732000000000400	0.0000016380488432
1538.0850000000000300	0.0000016344690721
1538.0950000000000300	0.0000016487754237
1538.1051999999999700	0.0000016434185000
1538.1169999999999600	0.0000015862021883
1538.1277000000000000	0.0000015701077700
1538.1361999999999200	0.0000015593830085
1538.1431000000000000	0.0000015629627796
1538.1521000000000200	0.0000015325638287
1538.1642000000001600	0.0000015093244201
1538.1751999999999000	0.0000014985978396
1538.1849999999999400	0.0000014896502307
1538.1963000000000600	0.0000014735558125
1538.2084000000002100	0.0000014646191175
1538.2183000000000000	0.0000014699905933
1538.2259000000001400	0.0000014699905933
1538.2326000000000500	0.0000014646191175
1538.2419999999999600	0.0000014664108221
1538.2539999999999000	0.0000014896502307
1538.2653000000000200	0.0000014932300019
1538.2752000000000400	0.0000014610411654
1538.2860000000000600	0.0000014842951259
1538.2973000000001800	0.0000015361435999
1538.3075000000001200	0.0000015414968857
1538.3149000000000800	0.0000014842951259
1538.3214000000000400	0.0000015182574771
1538.3315000000000000	0.0000015772654933
1538.3440000000000500	0.0000016005049019
1538.3546999999998600	0.0000015379316665
1538.3649000000000300	0.0000016469837192
1538.3768000000000000	0.0000015987168354
1538.3882000000001000	0.0000016916890218
1538.3977999999999600	0.0000016648680230
1538.4049000000000000	0.0000017095733256
1538.4118000000000800	0.0000017346026198
1538.4226000000001000	0.0000017489071524
1538.4344000000000900	0.0000017739346276
1538.4446000000000300	0.0000017185082015
1538.4541000000001500	0.0000018150601591
1538.4660000000001200	0.0000017292329630
1538.4774000000002100	0.0000018043208456
1538.4860999999998500	0.0000017489071524
1538.4922999999998800	0.0000018168482256
1538.5001000000002000	0.0000017703548565
1538.5120999999999200	0.0000018168482256
1538.5238000000001600	0.0000017953859697
1538.5332000000000800	0.0000017882409793
1538.5433000000000400	0.0000017399559056
1538.5556000000001400	0.0000016720148324
1538.5663000000001800	0.0000017328109152
1538.5743999999999700	0.0000016648680230
1538.5809000000001500	0.0000016773826701
1538.5902000000000900	0.0000016058618257
1538.6032000000002400	0.0000016326810055
1538.6157000000000600	0.0000015718958366
1538.6259999999999700	0.0000016076498923
1538.6377000000002200	0.0000015933471786
1538.6506000000001700	0.0000015611710751
1538.6620000000000300	0.0000015504481325
1538.6696999999999200	0.0000015665279989
1538.6763000000000800	0.0000015862021883
1538.6867999999999500	0.0000015629627796
1538.6998000000000900	0.0000015683160655
1538.7102000000002100	0.0000015844104837
1538.7201999999999800	0.0000016255360151
1538.7317000000000400	0.0000016076498923
1538.7433000000000900	0.0000016505634903
1538.7524000000000800	0.0000016380488432
1538.7590999999999900	0.0000016809624412
1538.7658000000001200	0.0000016863193650
1538.7760000000000700	0.0000017077816210
1538.7874999999999100	0.0000017256531919
1538.7968000000000700	0.0000017506952190
1538.8068000000000600	0.0000017721465611
1538.8186000000000600	0.0000017792897324
1538.8297999999999800	0.0000017828695036
1538.8383999999998600	0.0000017971740363
1538.8452999999999500	0.0000018222051494
1538.8530000000000600	0.0000018293628727
1538.8639000000000600	0.0000018347197965
1538.8749000000000200	0.0000018651187474
1538.8842999999999400	0.0000018722619188
1538.8937000000000800	0.0000018830012323
1538.9047000000000500	0.0000019098183657
1538.9153999999998600	0.0000019098183657
1538.9236000000000800	0.0000018669068140
1538.9299000000000900	0.0000018776333945
1538.9375999999999700	0.0000018901462226
1538.9504999999999200	0.0000019366266315
1538.9628999999999900	0.0000018347197965
1538.9733000000001100	0.0000018382995677
1538.9844000000000500	0.0000018096886834
1538.9972999999999900	0.0000018633270429
1539.0090999999999900	0.0000018079006168
1539.0178000000000800	0.0000017649870188
1539.0243000000000400	0.0000017417476101
1539.0336999999999500	0.0000017739346276
1539.0468000000000700	0.0000017703548565
1539.0583000000001400	0.0000016738028989
1539.0681000000001800	0.0000016863193650
1539.0789000000002000	0.0000016970568595
1539.0905000000000200	0.0000017167164970
1539.1007999999999300	0.0000016881092506
1539.1085000000000500	0.0000016469837192
1539.1145000000001300	0.0000016469837192
1539.1244999999999000	0.0000017131367258
1539.1368999999999700	0.0000017417476101
1539.1479000000001600	0.0000016881092506
1539.1571999999998700	0.0000017042018499
1539.1682000000000700	0.0000017846612081
1539.1802000000000100	0.0000018400876343
1539.1905000000001500	0.0000018007556264
1539.1977000000001700	0.0000018132684545
1539.2038999999999700	0.0000018275748062
1539.2146000000000200	0.0000019420072022
1539.2270000000000900	0.0000019044525743
1539.2362000000000500	0.0000019241119844
1539.2446999999999600	0.0000019205576791
1539.2560000000000800	0.0000020367729121
1539.2678000000000800	0.0000020099391804
1539.2766999999998900	0.0000019706199055
1539.2824000000000500	0.0000019688118300
1539.2891000000001900	0.0000020617985683
1539.3010000000001600	0.0000020814727577
1539.3134999999999700	0.0000019634603632
1539.3235000000001900	0.0000019831345526
1539.3338999999998600	0.0000020653819774
1539.3463999999999000	0.0000020725087779
1539.3582999999998700	0.0000019366266315
1539.3668000000000100	0.0000019652356968
1539.3731000000000200	0.0000019652356968
1539.3814999999999600	0.0000020081602088
1539.3939000000000300	0.0000019187568796
1539.4059999999999500	0.0000018955158794
1539.4159000000001900	0.0000018329280920
1539.4266000000000100	0.0000019366266315
1539.4391000000000500	0.0000018990810986
1539.4501999999999900	0.0000017775143988
1539.4580000000000800	0.0000017757263322
1539.4637000000000200	0.0000018490225102
1539.4732000000001300	0.0000018186253783
1539.4861000000000800	0.0000017417476101
1539.4971000000000400	0.0000017042018499
1539.5062000000000300	0.0000018025436930
1539.5170000000000500	0.0000017721465611
1539.5297000000000500	0.0000017828695036
1539.5401999999999100	0.0000016988340121
1539.5471999999999700	0.0000017828695036
1539.5539000000001100	0.0000017900290459
1539.5637000000001500	0.0000018365078631
1539.5758000000000700	0.0000017614217995
1539.5858000000000600	0.0000017775143988
1539.5954000000001500	0.0000018901462226
1539.6068000000002500	0.0000018990810986
1539.6184000000000600	0.0000018883581561
1539.6279999999999300	0.0000018830012323
1539.6348000000000400	0.0000019259164219
1539.6415999999999200	0.0000019813264771
1539.6528000000000700	0.0000020260299607
1539.6657000000002400	0.0000019920694285
1539.6766999999999800	0.0000020117436179
1539.6872000000000700	0.0000020957663764
1539.6995000000001700	0.0000020671536731
1539.7115000000001100	0.0000020599941308
1539.7200000000000300	0.0000020886031962
1539.7265999999999600	0.0000020367729121
1539.7343000000000700	0.0000020331895030
1539.7466000000001700	0.0000021154369279
1539.7582999999999600	0.0000020671536731
1539.7678000000000800	0.0000020367729121
1539.7781999999999700	0.0000020599941308
1539.7901000000001600	0.0000019491667445
1539.8011999999998800	0.0000019294925551
1539.8094000000000900	0.0000020170987227
1539.8154999999999300	0.0000019723952391
1539.8233999999999900	0.0000018812131657
1539.8361000000002100	0.0000019402027647
1539.8473000000001300	0.0000018955158794
1539.8562999999999200	0.0000018079006168
1539.8662000000001600	0.0000017882409793
1539.8778999999999500	0.0000017667750853
1539.8888000000001700	0.0000017542604382
1539.8962999999998800	0.0000017989657408
1539.9027000000000900	0.0000018400876343
1539.9120000000000300	0.0000017524723717
1539.9239000000000000	0.0000017703548565
1539.9342000000001400	0.0000017828695036
1539.9432000000001600	0.0000017667750853
1539.9541999999999000	0.0000017649870188
1539.9664999999999900	0.0000018257831016
1539.9767999999999100	0.0000017471154479
1539.9843000000000700	0.0000017328109152
1539.9906000000000800	0.0000018293628727
1540.0010000000002000	0.0000018365078631
1540.0140000000001200	0.0000018561820525
1540.0253999999999900	0.0000018275748062
1540.0355000000001800	0.0000019652356968
1540.0474000000001500	0.0000019598769541
1540.0599000000002000	0.0000020117436179
1540.0707000000002100	0.0000019312715267
1540.0779000000000000	0.0000019920694285
1540.0851999999999800	0.0000020617985683
1540.0973000000001300	0.0000020671536731
1540.1102000000000800	0.0000020832517293
1540.1209000000001200	0.0000020832517293
1540.1312000000000300	0.0000021440496312
1540.1433999999999300	0.0000021619193831
1540.1549000000000000	0.0000021941045816
1540.1635000000001100	0.0000021601404114
1540.1692000000000400	0.0000021243754418
1540.1763000000000800	0.0000021833689061
1540.1878000000001500	0.0000021887240109
1540.1990000000000700	0.0000021726550585
1540.2081000000000600	0.0000020993425096
1540.2174000000000000	0.0000020617985683
1540.2299000000000400	0.0000021279515749
1540.2412999999999100	0.0000021154369279
1540.2494000000001500	0.0000020886031962
1540.2554999999999800	0.0000019795547814
1540.2643000000000500	0.0000019741960386
1540.2771999999999900	0.0000020331895030
1540.2881000000002100	0.0000019956455617
1540.2967000000001000	0.0000019348476599
1540.3070000000000100	0.0000018400876343
1540.3196000000000300	0.0000019759713723
1540.3304000000000500	0.0000018490225102
1540.3379000000002200	0.0000019384310690
1540.3437000000001200	0.0000017971740363
1540.3527000000001400	0.0000018776333945
1540.3650000000000100	0.0000018490225102
1540.3763000000001300	0.0000018651187474
1540.3858999999999900	0.0000018526022814
1540.3977999999999600	0.0000018222051494
1540.4103000000000000	0.0000019455906113
1540.4212999999999700	0.0000018972930320
1540.4289000000001100	0.0000019831345526
1540.4357999999999700	0.0000018722619188
1540.4472000000000600	0.0000020296133698
1540.4607000000000900	0.0000020260299607
1540.4719999999999800	0.0000020278343982
1540.4826000000000500	0.0000019884860194
1540.4943000000000600	0.0000020582224352
1540.5061000000000600	0.0000021029259187
1540.5157000000001500	0.0000021511800696
1540.5223000000000800	0.0000021440496312
1540.5286000000000900	0.0000020886031962
1540.5397000000000400	0.0000021458213268
1540.5519000000001600	0.0000022298477234
1540.5617000000002000	0.0000022280687517
1540.5704000000000600	0.0000021636947167
1540.5822000000000600	0.0000022119743335
1540.5941000000000200	0.0000022155577426
1540.6033999999999600	0.0000022244926186
1540.6101000000001000	0.0000022102026378
1540.6175000000000600	0.0000021976879907
1540.6296000000002100	0.0000022155577426
1540.6409000000001000	0.0000021905284484
1540.6503000000000100	0.0000022423623705
1540.6603999999999800	0.0000021690789254
1540.6720000000000200	0.0000022227172849
1540.6827000000000700	0.0000021225710043
1540.6913000000001800	0.0000021654955162
1540.6974000000000100	0.0000021351111172
1540.7052000000001000	0.0000021279515749
1540.7171000000000700	0.0000020850270630
1540.7287000000001200	0.0000020743132154
1540.7383000000002100	0.0000021154369279
1540.7488000000000700	0.0000020510628929
1540.7614000000000900	0.0000020993425096
1540.7719999999999300	0.0000020617985683
1540.7800999999999500	0.0000021029259187
1540.7862000000000100	0.0000020439033506
1540.7956999999999000	0.0000020868278625
1540.8091000000001700	0.0000020725087779
1540.8204000000000600	0.0000020975417101
1540.8298999999999500	0.0000021154369279
1540.8414000000000200	0.0000021297305466
1540.8541999999999900	0.0000021029259187
1540.8648000000000600	0.0000021225710043
1540.8725000000001700	0.0000021440496312
1540.8786000000000000	0.0000021547562028
1540.8883000000000700	0.0000021941045816
1540.9005999999999400	0.0000022083982003
1540.9112999999999800	0.0000021511800696
1540.9203000000000000	0.0000021958835532
1540.9309000000000600	0.0000022978015295
1540.9433000000001300	0.0000022924464247
1540.9532999999999000	0.0000022209092094
1540.9604000000001600	0.0000022370072656
1540.9664999999999900	0.0000023192510525
1540.9771000000000600	0.0000023085153771
1540.9889000000000600	0.0000023264105948
1540.9988000000000700	0.0000023031602723
1541.0075999999999100	0.0000022870622161
1541.0181000000000000	0.0000023532152227
1541.0306000000000500	0.0000023603747650
1541.0405000000000600	0.0000023317656996
1541.0468000000000700	0.0000023335701371
1541.0532000000000600	0.0000023210300242
1541.0646000000001500	0.0000022942217583
1541.0779999999999700	0.0000022924464247
1541.0887999999999900	0.0000022763556444
1541.0987000000000100	0.0000022477429411
1541.1105999999999700	0.0000022119743335
1541.1230000000000500	0.0000022298477234
1541.1322999999999800	0.0000021976879907
1541.1385000000000200	0.0000021708542590
1541.1452999999999000	0.0000021744303922
1541.1567999999999700	0.0000021172158995
1541.1689999999998700	0.0000021636947167
1541.1785000000002100	0.0000021011178433
1541.1883000000000200	0.0000021547562028
1541.1999000000000700	0.0000020510628929
1541.2112000000001900	0.0000021476257643
1541.2191000000000200	0.0000020653819774
1541.2246000000000100	0.0000020546390260
1541.2318999999999900	0.0000020993425096
1541.2438999999999400	0.0000021261471375
1541.2549999999998800	0.0000020188740564
1541.2635000000000200	0.0000020367729121
1541.2734000000000400	0.0000021476257643
1541.2862000000000100	0.0000021351111172
1541.2977000000000800	0.0000020689581106
1541.3053000000002100	0.0000020814727577
1541.3114000000000500	0.0000021851697056
1541.3206000000002400	0.0000022030430955
1541.3331000000000600	0.0000021708542590
1541.3433000000002200	0.0000021368900889
1541.3518999999998800	0.0000022316485229
1541.3615999999999500	0.0000023156749194
1541.3732000000000000	0.0000022763556444
1541.3842999999999400	0.0000022155577426
1541.3920000000000500	0.0000022566814550
1541.3976999999999800	0.0000023496390895
1541.4072000000001000	0.0000023407005756
1541.4204999999999500	0.0000022942217583
1541.4317000000000900	0.0000022995768632
1541.4412000000002100	0.0000023353491088
1541.4535000000000700	0.0000023550232982
1541.4661000000000900	0.0000023174793569
1541.4768000000001400	0.0000022763556444
1541.4832000000001200	0.0000023103198146
1541.4900000000002300	0.0000023085153771
1541.5009000000000000	0.0000022852868824
1541.5142000000000700	0.0000022513263502
1541.5240999999998600	0.0000022423623705
1541.5341000000000800	0.0000022227172849
1541.5466000000001200	0.0000021887240109
1541.5587000000000400	0.0000021601404114
1541.5684000000001100	0.0000021619193831
1541.5749000000000700	0.0000021529808691
1541.5815999999999800	0.0000021154369279
1541.5933000000000000	0.0000020868278625
1541.6052999999999400	0.0000020939874048
1541.6146000000001100	0.0000020886031962
1541.6238000000000700	0.0000020492875592
1541.6355999999998400	0.0000020403490453
1541.6475000000000300	0.0000020671536731
1541.6570000000001500	0.0000020725087779
1541.6630999999999800	0.0000020403490453
1541.6701000000000500	0.0000020278343982
1541.6820000000002400	0.0000020760921871
1541.6932000000001600	0.0000020886031962
1541.7022000000001700	0.0000020546390260
1541.7114999999998900	0.0000020582224352
1541.7227000000000300	0.0000020868278625
1541.7341000000001200	0.0000021511800696
1541.7427999999999900	0.0000021029259187
1541.7484999999999200	0.0000020778966245
1541.7559000000001100	0.0000020886031962
1541.7681000000000000	0.0000022048184292
1541.7805000000000700	0.0000021744303922
1541.7898999999999900	0.0000021529808691
1541.7998000000002300	0.0000021797854970
1541.8122000000000700	0.0000022316485229
1541.8241000000000400	0.0000022513263502
1541.8327999999999000	0.0000022083982003
1541.8383999999998600	0.0000022370072656
1541.8469999999999800	0.0000022495219127
1541.8603000000000500	0.0000022978015295
1541.8727000000001200	0.0000022638409973
1541.8819000000000800	0.0000022852868824
1541.8922999999999800	0.0000022638409973
1541.9051000000001700	0.0000022674171305
1541.9167999999999600	0.0000022674171305
1541.9243000000001300	0.0000022674171305
1541.9295000000001900	0.0000022370072656
1541.9393000000000000	0.0000022191338758
1541.9520000000000000	0.0000022102026378
1541.9622000000001600	0.0000021994596864
1541.9708000000000500	0.0000021565642783
1541.9824000000001000	0.0000021333066798
1541.9951000000000900	0.0000021422451937
1542.0055999999999600	0.0000021279515749
1542.0127999999999700	0.0000020957663764
1542.0193000000001600	0.0000020778966245
1542.0306000000000500	0.0000020886031962
1542.0433000000000400	0.0000020832517293
1542.0533000000000300	0.0000020796683202
1542.0620000000001200	0.0000020760921871
1542.0728999999998900	0.0000020975417101
1542.0847999999998600	0.0000020850270630
1542.0947000000001000	0.0000020921866053
1542.1012000000000600	0.0000021243754418
1542.1068999999999900	0.0000021404662220
1542.1185000000000400	0.0000021207920327
1542.1316000000001600	0.0000021672708499
1542.1419000000000800	0.0000021833689061
1542.1512000000000200	0.0000022155577426
1542.1630000000000100	0.0000021851697056
1542.1753000000001000	0.0000022566814550
1542.1850999999999200	0.0000022102026378
1542.1912999999999500	0.0000022709714358
1542.1985000000001900	0.0000022316485229
1542.2108000000000600	0.0000023228344617
1542.2234000000000800	0.0000022513263502
1542.2333000000001000	0.0000023103198146
1542.2432000000001100	0.0000022870622161
1542.2560000000000800	0.0000023818279260
1542.2682999999999500	0.0000023532152227
1542.2767000000001200	0.0000023264105948
1542.2824000000000500	0.0000023389252419
1542.2906000000000400	0.0000023746683837
1542.3031000000000800	0.0000024086616577
1542.3145000000001800	0.0000023550232982
1542.3232000000000400	0.0000023728894121
1542.3330000000000800	0.0000023800489544
1542.3456000000001000	0.0000024104333534
1542.3577000000000200	0.0000023550232982
1542.3654000000001300	0.0000023353491088
1542.3711000000000700	0.0000023746683837
1542.3805999999999600	0.0000023836323635
1542.3934999999999000	0.0000022960007300
1542.4044000000001200	0.0000022906456252
1542.4126000000001100	0.0000023067364054
1542.4225000000001300	0.0000022995768632
1542.4342999999998900	0.0000022441668079
1542.4456999999999900	0.0000022155577426
1542.4532000000001500	0.0000022334238565
1542.4585999999999300	0.0000022566814550
1542.4680000000000700	0.0000022423623705
1542.4812999999999200	0.0000021762093638
1542.4924000000000900	0.0000022030430955
1542.5021999999999000	0.0000022495219127
1542.5135999999999900	0.0000022530980459
1542.5264000000001900	0.0000022495219127
1542.5376000000001100	0.0000022584531507
1542.5453000000000000	0.0000022763556444
1542.5513000000000800	0.0000023550232982
1542.5623000000000500	0.0000023514398890
1542.5763999999999200	0.0000023585994313
1542.5875000000000900	0.0000023854040592
1542.5967000000000500	0.0000024855212359
1542.6080000000001700	0.0000024587166081
1542.6199999999998900	0.0000024730065888
1542.6299000000001300	0.0000024855212359
1542.6363999999998600	0.0000025051954253
1542.6422000000000000	0.0000025355834623
1542.6533999999999200	0.0000024998439585
1542.6662000000001200	0.0000025230651772
1542.6757000000000000	0.0000025355834623
1542.6844000000000900	0.0000025838630791
1542.6958000000001900	0.0000025373842618
1542.7083000000000100	0.0000025373842618
1542.7173000000002500	0.0000025713484320
1542.7235000000000600	0.0000025695730983
1542.7306000000000900	0.0000025641888897
1542.7433000000000900	0.0000025802869459
1542.7541999999998500	0.0000025963777261
1542.7620999999999200	0.0000025641888897
1542.7714000000000800	0.0000025480981094
1542.7832000000000800	0.0000025695730983
1542.7938999999998900	0.0000026088960112
1542.8020000000001300	0.0000025802869459
1542.8073000000001700	0.0000025248696147
1542.8152000000000000	0.0000025141339393
1542.8282000000001500	0.0000025892218218
1542.8398999999999400	0.0000025820913834
1542.8493000000000800	0.0000024837459023
1542.8597999999999500	0.0000024569121706
1542.8729000000000700	0.0000025177100724
1542.8849000000000100	0.0000024909054446
1542.8934999999999000	0.0000024801697691
1542.8993000000000400	0.0000024247524379
1542.9081000000001000	0.0000024551404749
1542.9212999999999700	0.0000024443975235
1542.9335000000000900	0.0000024819451028
1542.9433000000001300	0.0000024569121706
1542.9537000000000200	0.0000024855212359
1542.9659000000001500	0.0000025087788345
1542.9771000000000600	0.0000025427430046
1542.9846999999999700	0.0000025302247195
1542.9905000000001100	0.0000025588337849
1543.0003000000001500	0.0000025981821636
1543.0133000000000700	0.0000026446609809
1543.0244000000000100	0.0000026625307328
1543.0339000000001300	0.0000026571756280
1543.0447999999998900	0.0000027000783120
1543.0566999999998600	0.0000027590717764
1543.0672000000001800	0.0000027394266908
1543.0743999999999700	0.0000027304881769
1543.0806000000000000	0.0000027626479095
1543.0905999999999900	0.0000028073550311
1543.1032000000000100	0.0000027859055081
1543.1131000000000300	0.0000027590717764
1543.1205999999999700	0.0000027894816412
1543.1310000000000800	0.0000028252247830
1543.1432000000002000	0.0000027769669941
1543.1537000000000700	0.0000027644523470
1543.1603999999999800	0.0000028019962883
1543.1664000000000600	0.0000028270292205
1543.1773000000000600	0.0000027751625566
1543.1909000000000500	0.0000027054334168
1543.2020000000000000	0.0000027251076062
1543.2112999999999400	0.0000027841265364
1543.2230000000001800	0.0000027608762139
1543.2357999999999200	0.0000026410848477
1543.2468000000001200	0.0000026678894756
1543.2530000000001500	0.0000027501332625
1543.2597000000000600	0.0000027090095500
1543.2716000000000300	0.0000026196353247
1543.2848000000001300	0.0000026267657631
1543.2951000000000500	0.0000026750490179
1543.3051000000000400	0.0000026464399525
1543.3175000000001100	0.0000026303418963
1543.3295000000000500	0.0000025999611353
1543.3392000000001200	0.0000026321463338
1543.3454999999999000	0.0000026303418963
1543.3533000000002200	0.0000026339253054
1543.3658000000002600	0.0000026249867915
1543.3786000000000000	0.0000026500160857
1543.3885999999999900	0.0000026446609809
1543.3980000000001400	0.0000026804041227
1543.4100000000000800	0.0000026911397981
1543.4223000000001800	0.0000026893644645
1543.4308000000000900	0.0000027054334168
1543.4365000000000200	0.0000027572928047
1543.4443000000001100	0.0000027537166716
1543.4569000000001300	0.0000027841265364
1543.4689000000000700	0.0000028001954888
1543.4775999999999400	0.0000028198696782
1543.4866999999999300	0.0000028502795431
1543.4990000000000200	0.0000028592180570
1543.5105000000000900	0.0000028627941902
1543.5187000000000800	0.0000028770841709
1543.5246999999999400	0.0000028538338483
1543.5340999999998500	0.0000028753088372
1543.5471999999999700	0.0000028592180570
1543.5597000000000200	0.0000028895988180
1543.5695000000000600	0.0000028717327041
1543.5803000000000800	0.0000027966411835
1543.5929000000001000	0.0000028019962883
1543.6040000000000400	0.0000028431200008
1543.6116999999999300	0.0000027608762139
1543.6178999999999600	0.0000027930650504
1543.6273000000001000	0.0000026893644645
1543.6403000000000200	0.0000026464399525
1543.6518000000000900	0.0000026768498174
1543.6611000000000300	0.0000026142511160
1543.6722000000002000	0.0000025874464882
1543.6845000000000700	0.0000025427430046
1543.6949999999999300	0.0000025946060305
1543.7020000000000000	0.0000025624171940
1543.7081000000000600	0.0000025016192922
1543.7180000000000700	0.0000024426258278
1543.7305000000001200	0.0000024748146643
1543.7406000000000800	0.0000025534823180
1543.7492000000002000	0.0000026643351703
1543.7606000000000700	0.0000025713484320
1543.7730999999998800	0.0000025123549676
1543.7834000000000300	0.0000025087788345
1543.7904000000000900	0.0000026696902751
1543.7973000000001800	0.0000026804041227
1543.8081000000001900	0.0000025641888897
1543.8200000000001600	0.0000025641888897
1543.8297000000000000	0.0000026249867915
1543.8387999999999900	0.0000027805504033
1543.8510000000001100	0.0000027430028240
1543.8625999999999300	0.0000026714656087
1543.8718000000001200	0.0000027572928047
1543.8784000000000500	0.0000028467034099
1543.8857000000000400	0.0000028341887628
1543.8970000000001600	0.0000028073550311
1543.9094000000000000	0.0000028073550311
1543.9193999999999900	0.0000028770841709
1543.9297000000001400	0.0000029414618439
1543.9420000000000100	0.0000028699246286
1543.9542000000001300	0.0000028753088372
1543.9639999999999400	0.0000029056968742
1543.9710999999999800	0.0000029396610444
1543.9782999999999900	0.0000028627941902
1543.9905999999998600	0.0000028663484954
1544.0041999999998500	0.0000028627941902
1544.0154999999999700	0.0000028753088372
1544.0250999999998400	0.0000028306053537
1544.0368000000000800	0.0000027751625566
1544.0485000000001000	0.0000027769669941
1544.0573999999999100	0.0000027715864235
1544.0635999999999500	0.0000027322671485
1544.0703000000000900	0.0000027251076062
1544.0817000000001800	0.0000026392804102
1544.0936000000001500	0.0000026553748285
1544.1034999999999400	0.0000026357261049
1544.1127000000001300	0.0000026178272492
1544.1239000000000500	0.0000025105505301
1544.1353000000001400	0.0000025141339393
1544.1440999999999800	0.0000025212934815
1544.1503000000000100	0.0000025123549676
1544.1581000000001000	0.0000025552576517
1544.1701000000000500	0.0000024604955797
1544.1816000000001100	0.0000025695730983
1544.1909000000000500	0.0000025177100724
1544.2006000000001200	0.0000025677722988
1544.2125000000000900	0.0000025874464882
1544.2229999999999500	0.0000026267657631
1544.2312999999999200	0.0000026071206776
1544.2375999999999300	0.0000025963777261
1544.2454999999999900	0.0000026661141419
1544.2572999999999800	0.0000027072378543
1544.2692999999999300	0.0000027662313187
1544.2793000000001500	0.0000027000783120
1544.2893000000001400	0.0000026857883313
1544.3016000000000100	0.0000027501332625
1544.3127000000001800	0.0000028234458114
1544.3211000000001100	0.0000028145145734
1544.3278000000000200	0.0000027626479095
1544.3371000000001900	0.0000027841265364
1544.3497999999999600	0.0000028413155633
1544.3623999999999800	0.0000028860226848
1544.3724999999999400	0.0000028431200008
1544.3829000000000600	0.0000028377648960
1544.3945000000001100	0.0000028431200008
1544.4049000000000000	0.0000028681492950
1544.4132999999999300	0.0000028735080377
1544.4196000000001700	0.0000028234458114
1544.4290000000000900	0.0000028556346479
1544.4416000000001100	0.0000027841265364
1544.4526000000000700	0.0000028001954888
1544.4625000000000900	0.0000027537166716
1544.4734000000000800	0.0000027966411835
1544.4855000000002300	0.0000027447781576
1544.4957999999999200	0.0000026875636649
1544.5034000000000500	0.0000026982993404
1544.5100999999999600	0.0000027108139875
1544.5203000000001300	0.0000026804041227
1544.5325000000002500	0.0000026375014386
1544.5426000000002200	0.0000026124757824
1544.5516000000000100	0.0000026410848477
1544.5624000000000200	0.0000026464399525
1544.5742000000000200	0.0000026178272492
1544.5835999999999300	0.0000025463227757
1544.5907000000002000	0.0000026321463338
1544.5974000000001000	0.0000026357261049
1544.6078000000002200	0.0000025677722988
1544.6202000000000700	0.0000025570584512
1544.6312000000000300	0.0000025820913834
1544.6406000000001700	0.0000025928015930
1544.6522999999999700	0.0000027036544452
1544.6639999999999900	0.0000026982993404
1544.6738000000000300	0.0000026410848477
1544.6806000000001400	0.0000027000783120
1544.6877999999999200	0.0000027698074518
1544.6993999999999700	0.0000027072378543
1544.7120999999999600	0.0000028073550311
1544.7225000000000800	0.0000028431200008
1544.7324999999998400	0.0000028127101359
1544.7442000000000900	0.0000028306053537
1544.7554000000000100	0.0000028753088372
1544.7637999999999400	0.0000029611069294
1544.7704999999998500	0.0000028967583603
1544.7783999999999200	0.0000028985373319
1544.7904000000000900	0.0000028967583603
1544.8024000000000300	0.0000029807811188
1544.8129999999998700	0.0000029593352338
1544.8228000000001400	0.0000029485922823
1544.8348000000000800	0.0000029235629881
1544.8463999999999000	0.0000029110519790
1544.8552000000001900	0.0000029235629881
1544.8621000000000500	0.0000028931822271
1544.8701000000000900	0.0000028717327041
1544.8821000000000300	0.0000028467034099
1544.8933000000001800	0.0000028180943445
1544.9028000000000700	0.0000027912569749
1544.9129000000000300	0.0000027698074518
1544.9246000000000500	0.0000027555174711
1544.9355000000000500	0.0000027412020245
1544.9436000000000600	0.0000027197525014
1544.9501000000000200	0.0000026947232072
1544.9592999999999800	0.0000027340424822
1544.9720999999999500	0.0000027340424822
1544.9842000000001000	0.0000026822049222
1544.9941999999998600	0.0000026839802558
1545.0053000000000300	0.0000027054334168
1545.0178000000000800	0.0000027251076062
1545.0288000000000400	0.0000027054334168
1545.0362000000000100	0.0000027036544452
1545.0425999999999900	0.0000027322671485
1545.0526999999999600	0.0000027286837394
1545.0658000000000800	0.0000027447781576
1545.0762999999999400	0.0000027912569749
1545.0854999999999100	0.0000028341887628
1545.0960999999999800	0.0000027805504033
1545.1073000000001200	0.0000028842473512
1545.1167000000000400	0.0000028288009162
1545.1234999999999200	0.0000029164325497
1545.1300000000001100	0.0000029271463973
1545.1396999999999500	0.0000029700709092
1545.1520000000000400	0.0000029485922823
1545.1630000000000100	0.0000030522928682
1545.1725000000001300	0.0000030737678571
1545.1838000000002400	0.0000030558690014
1545.1954000000000600	0.0000031720842344
1545.2052000000001000	0.0000030701917240
1545.2126000000000600	0.0000031631493584
1545.2197000000001000	0.0000031166705412
1545.2303999999999200	0.0000033008359424
1545.2421999999999100	0.0000031327613215
1545.2519999999999500	0.0000032150087463
1545.2617999999999900	0.0000031345366551
1545.2731000000001100	0.0000032865168578
1545.2842000000000500	0.0000031899830901
1545.2933000000000400	0.0000031953345569
1545.3002000000001300	0.0000031506347113
1545.3074999999998900	0.0000032114326132
1545.3189999999999600	0.0000031828235478
1545.3315000000000000	0.0000030737678571
1545.3417000000001700	0.0000030719670576
1545.3520999999998300	0.0000030558690014
1545.3645000000001300	0.0000030469341255
1545.3760999999999500	0.0000029718498809
1545.3849000000002400	0.0000029217876545
1545.3917000000001300	0.0000029468205867
1545.3997999999999100	0.0000029521756915
1545.4120000000000300	0.0000029343023016
1545.4248999999999800	0.0000028663484954
1545.4358000000002000	0.0000028931822271
1545.4460000000001400	0.0000029182115213
1545.4581000000000600	0.0000029182115213
1545.4693999999999500	0.0000028949539228
1545.4777000000001400	0.0000029128564165
1545.4840999999999000	0.0000029360776352
1545.4920999999999300	0.0000029450161492
1545.5038999999999300	0.0000029521756915
1545.5146999999999500	0.0000029700709092
1545.5241000000000900	0.0000029968791750
1545.5339999999998800	0.0000030219048313
1545.5446999999999200	0.0000030254882404
1545.5544999999999600	0.0000030522928682
1545.5622000000000700	0.0000030969963518
1545.5684999999998600	0.0000031274062167
1545.5773000000001500	0.0000031166705412
1545.5889999999999400	0.0000031434751691
1545.5997999999999600	0.0000031667254916
1545.6087999999999700	0.0000032471975828
1545.6194000000000400	0.0000032150087463
1545.6310000000000800	0.0000032167877180
1545.6410000000000700	0.0000032328784982
1545.6485000000000100	0.0000033258652365
1545.6549000000000000	0.0000033026149140
1545.6648000000000100	0.0000033133505895
1545.6775000000000100	0.0000033079663808
1545.6884999999999700	0.0000033973769860
1545.6982000000000400	0.0000033401552173
1545.7094999999999300	0.0000033312239793
1545.7212000000001800	0.0000033616083783
1545.7309000000002500	0.0000034599465835
1545.7384999999999300	0.0000033490937312
1545.7460000000000900	0.0000033115461520
1545.7572999999999800	0.0000033294195418
1545.7698000000000300	0.0000034152467379
1545.7805000000000700	0.0000033258652365
1545.7910000000001700	0.0000031917584238
1545.8024000000000300	0.0000031613703868
1545.8142000000002500	0.0000032793573155
1545.8233999999999900	0.0000032328784982
1545.8304000000000500	0.0000030737678571
1545.8374000000001100	0.0000030773221624
1545.8489999999999300	0.0000031667254916
1545.8610000000001000	0.0000031166705412
1545.8714000000002200	0.0000031113154364
1545.8813000000000100	0.0000030254882404
1545.8929000000000500	0.0000030791265999
1545.9039999999999900	0.0000031381200642
1545.9130000000000100	0.0000031703089007
1545.9200000000000700	0.0000030862825042
1545.9279000000001300	0.0000031399208638
1545.9393999999999800	0.0000032364619074
1545.9510000000000200	0.0000032668426684
1545.9606000000001100	0.0000032829407246
1545.9701999999999800	0.0000032936764001
1545.9813999999998900	0.0000033383798836
1545.9921999999999100	0.0000034545951166
1546.0005999999998500	0.0000034206273085
1546.0067000000001400	0.0000034009531191
1546.0148999999999000	0.0000034510117075
1546.0269000000000700	0.0000035618718357
1546.0385999999998600	0.0000035547122934
1546.0481000000002000	0.0000035010739339
1546.0587000000000400	0.0000035118096093
1546.0709999999999100	0.0000035654479689
1546.0816999999999500	0.0000036512460611
1546.0896000000000200	0.0000035761618165
1546.0959000000000300	0.0000035386142372
1546.1053000000001700	0.0000035779626160
1546.1186000000000100	0.0000036351552808
1546.1296999999999600	0.0000036601845750
1546.1394000000000200	0.0000036351552808
1546.1500999999998400	0.0000035672269405
1546.1622999999999600	0.0000035225234569
1546.1723999999999200	0.0000035994121390
1546.1795999999999300	0.0000036601845750
1546.1859999999999200	0.0000035815169213
1546.1954000000000600	0.0000034349209272
1546.2075999999999500	0.0000034492109080
1546.2181000000000500	0.0000035493571886
1546.2276000000001600	0.0000035046500670
1546.2389000000000600	0.0000033097744563
1546.2503000000001500	0.0000032597122299
1546.2598000000000400	0.0000033902174437
1546.2674999999999300	0.0000033634128158
1546.2752000000000400	0.0000032740022107
1546.2862999999999800	0.0000031452796065
1546.2980999999999700	0.0000032221428228
1546.3078000000000400	0.0000032132043088
1546.3174000000001300	0.0000032167877180
1546.3286000000000500	0.0000031291815503
1546.3398999999999400	0.0000031291815503
1546.3486000000000300	0.0000032042730709
1546.3550999999999900	0.0000032132043088
1546.3622000000000300	0.0000032400380405
1546.3735000000001500	0.0000031845988815
1546.3858999999999900	0.0000033365790841
1546.3967000000000100	0.0000033651845115
1546.4071000000001300	0.0000034313375181
1546.4196000000001700	0.0000033812825677
1546.4322999999999400	0.0000034760446397
1546.4412999999999500	0.0000035118096093
1546.4482000000000400	0.0000035672269405
1546.4564000000000300	0.0000035850930544
1546.4692999999999700	0.0000035940315684
1546.4814999999998700	0.0000036476699279
1546.4914000000001100	0.0000037084591895
1546.5016000000000500	0.0000036512460611
1546.5133000000000700	0.0000036172818909
1546.5238000000001600	0.0000036726996768
1546.5312999999998700	0.0000037245499698
1546.5373000000001800	0.0000036780638766
1546.5458000000001000	0.0000035994121390
1546.5575000000001200	0.0000036065462155
1546.5679000000000100	0.0000036584056033
1546.5771999999999500	0.0000036262167669
1546.5878999999999900	0.0000035475527511
1546.5991000000001300	0.0000035421976463
1546.6089999999999200	0.0000035725784073
1546.6171000000001600	0.0000035529333218
1546.6241000000002200	0.0000035457737795
1546.6339000000000400	0.0000035636435314
1546.6454000000001100	0.0000035207481233
1546.6552000000001500	0.0000034921354199
1546.6640999999999600	0.0000034903346204
1546.6750000000001800	0.0000034885592868
1546.6859999999999200	0.0000034277613850
1546.6954000000000600	0.0000033937935768
1546.7032000000001500	0.0000033580249692
1546.7105000000001400	0.0000033920182432
1546.7208000000000500	0.0000033419341889
1546.7328000000002200	0.0000032972598092
1546.7447999999999400	0.0000032614875636
1546.7554000000000100	0.0000033115461520
1546.7673000000002000	0.0000033097744563
1546.7793999999998900	0.0000033115461520
1546.7898000000000100	0.0000032775856198
1546.7968000000000700	0.0000033204810279
1546.8047000000001400	0.0000032936764001
1546.8167000000000800	0.0000033508981687
1546.8291999999999000	0.0000033937935768
1546.8396000000000200	0.0000034134677662
1546.8501000000001100	0.0000033920182432
1546.8625000000001800	0.0000034778163354
1546.8734999999999200	0.0000035225234569
1546.8822000000000100	0.0000035278785617
1546.8891000000001000	0.0000035225234569
1546.8967999999999800	0.0000035815169213
1546.9082000000000800	0.0000036155101952
1546.9208000000001000	0.0000036065462155
1546.9311999999999900	0.0000036297965380
1546.9412999999999500	0.0000036655651456
1546.9525000000001000	0.0000036441156226
1546.9630999999999400	0.0000036029955481
1546.9716000000000800	0.0000036011911106
1546.9786000000001400	0.0000036619890125
1546.9867999999999000	0.0000036369560803
1546.9984999999999200	0.0000035260995901
1547.0093999999999100	0.0000035296829992
1547.0187000000000800	0.0000035904772631
1547.0288000000000400	0.0000035314546949
1547.0399999999999600	0.0000034957188291
1547.0500999999999300	0.0000034116633287
1547.0578000000000400	0.0000035135849430
1547.0644999999999500	0.0000034241779758
1547.0738000000001200	0.0000034456566027
1547.0860999999999900	0.0000033419341889
1547.0975000000000800	0.0000034241779758
1547.1086000000000200	0.0000033526698644
1547.1207000000001700	0.0000033687679206
1547.1325000000001600	0.0000032668426684
1547.1423000000002000	0.0000033455103221
1547.1499000000001100	0.0000032740022107
1547.1565000000000500	0.0000033026149140
1547.1667999999999600	0.0000032597122299
1547.1793000000000100	0.0000033115461520
1547.1904000000001800	0.0000032042730709
1547.1998000000000900	0.0000032346829357
1547.2113000000001600	0.0000032847451621
1547.2224000000001000	0.0000032883212953
1547.2325000000000700	0.0000032042730709
1547.2396000000001100	0.0000032239472603
1547.2459000000001200	0.0000033580249692
1547.2569000000000800	0.0000033634128158
1547.2696000000000800	0.0000033365790841
1547.2806000000000500	0.0000033061910472
1547.2898000000000100	0.0000034009531191
1547.3013000000000800	0.0000034545951166
1547.3123000000000500	0.0000034671061258
1547.3215000000000100	0.0000034402723941
1547.3287000000000200	0.0000034742402022
1547.3365000000001100	0.0000035314546949
1547.3483000000001100	0.0000035743864828
1547.3597000000002000	0.0000035994121390
1547.3694000000000400	0.0000035958360058
1547.3799000000001300	0.0000036083506529
1547.3919000000000800	0.0000036423148231
1547.4027000000000900	0.0000036584056033
1547.4112000000000100	0.0000036512460611
1547.4179000000001400	0.0000036405394894
1547.4261999999998800	0.0000036637607082
1547.4385000000002000	0.0000036655651456
1547.4509000000000400	0.0000036351552808
1547.4615000000001100	0.0000036297965380
1547.4720999999999500	0.0000036423148231
1547.4838999999999500	0.0000036155101952
1547.4946999999999600	0.0000035564876271
1547.5027000000000000	0.0000035529333218
1547.5094999999998900	0.0000035869011299
1547.5181000000000000	0.0000035260995901
1547.5303000000001200	0.0000035082334762
1547.5416000000002400	0.0000034706858969
1547.5517000000002100	0.0000035171647141
1547.5620999999998700	0.0000033902174437
1547.5733999999999900	0.0000034170511753
1547.5832000000000300	0.0000034134677662
1547.5906999999999700	0.0000034510117075
1547.5974000000001000	0.0000033365790841
1547.6066000000000700	0.0000033240644370
1547.6191000000001100	0.0000034188228710
1547.6295999999999800	0.0000033812825677
1547.6394000000000200	0.0000033687679206
1547.6503000000000100	0.0000033526698644
1547.6613999999999600	0.0000034921354199
1547.6706000000001500	0.0000033973769860
1547.6784999999999800	0.0000035278785617
1547.6857000000000000	0.0000035171647141
1547.6954000000000600	0.0000034760446397
1547.7078000000001300	0.0000035869011299
1547.7182000000000200	0.0000036637607082
1547.7279999999998400	0.0000036333799471
1547.7387999999998500	0.0000037030949898
1547.7501999999999500	0.0000037388526835
1547.7596000000000900	0.0000037603076635
1547.7676000000001300	0.0000037209738366
1547.7741000000000900	0.0000038264606701
1547.7845000000002100	0.0000037799745769
1547.7971000000000000	0.0000038443413359
1547.8086000000000700	0.0000038622201828
1547.8191000000001600	0.0000038961898099
1547.8303000000000800	0.0000038979778765
1547.8417000000001700	0.0000038836751628
1547.8508999999999100	0.0000038747348299
1547.8585000000000500	0.0000039033420762
1547.8659000000000100	0.0000039087062760
1547.8773000000001000	0.0000039087062760
1547.8903000000000200	0.0000039051301428
1547.9013999999999600	0.0000038836751628
1547.9115999999999100	0.0000038622201828
1547.9234999999998700	0.0000038818870962
1547.9352000000001200	0.0000038514917833
1547.9443000000001100	0.0000038103698898
1547.9510000000000200	0.0000037781883293
1547.9584000000002100	0.0000037674599298
1547.9696000000001300	0.0000037710360630
1547.9816000000000700	0.0000037013069232
1547.9916000000000600	0.0000037066711229
1548.0009000000002300	0.0000036923665903
1548.0116000000000400	0.0000037173977034
1548.0219000000001900	0.0000036333799471
1548.0298000000002500	0.0000036566302697
1548.0365000000001600	0.0000036905785237
1548.0445000000002000	0.0000037209738366
1548.0559000000000600	0.0000036316009755
1548.0672000000001800	0.0000036047672438
1548.0767000000000700	0.0000037799745769
1548.0866000000000900	0.0000038050056901
1548.0975000000000800	0.0000037352765503
1548.1077000000000200	0.0000037406407500
1548.1156000000000800	0.0000038067937567
1548.1223999999999700	0.0000039051301428
1548.1313000000000100	0.0000038926136767
1548.1435000000001300	0.0000040052527766
1548.1548000000000200	0.0000039265851228
1548.1652000000001400	0.0000041304083425
1548.1769000000001600	0.0000041500752559
1548.1895000000001800	0.0000041947732825
1548.2001000000000200	0.0000042358951760
1548.2074000000000000	0.0000041697421693
1548.2146000000000200	0.0000042484116420
1548.2253000000000600	0.0000041661660362
1548.2389000000000600	0.0000043574746087
1548.2499000000000200	0.0000042484116420
1548.2600999999999600	0.0000042752308218
1548.2721000000001300	0.0000042591382226
1548.2835000000002300	0.0000043127765821
1548.2926000000002200	0.0000043270792958
1548.2996000000000500	0.0000042055016820
1548.3063999999999400	0.0000042251685954
1548.3166000000001100	0.0000041768944357
1548.3288000000002300	0.0000042501997086
1548.3394000000000700	0.0000042627143557
1548.3490000000001600	0.0000041500752559
1548.3603000000000500	0.0000041018010961
1548.3715999999999400	0.0000041661660362
1548.3811000000000600	0.0000041411349230
1548.3882000000001000	0.0000040678314690
1548.3955000000000800	0.0000040141931095
1548.4067000000000000	0.0000041107414290
1548.4181000000000900	0.0000040714076022
1548.4271000000001100	0.0000040731938498
1548.4364000000000500	0.0000040070408431
1548.4475999999999600	0.0000040857103158
1548.4573000000000300	0.0000040302838897
1548.4655000000000200	0.0000040481645556
1548.4721000000001800	0.0000040159811761
1548.4798000000000700	0.0000040696195356
1548.4910999999999600	0.0000039963142626
1548.5031000000001300	0.0000039981023292
1548.5135999999999900	0.0000040785580495
1548.5238999999999100	0.0000041000130295
1548.5361000000000300	0.0000041053772293
1548.5473000000001800	0.0000041715302359
1548.5559000000000600	0.0000041375606088
1548.5627000000001800	0.0000042090759962
1548.5717000000001900	0.0000041411349230
1548.5843000000002100	0.0000043842937885
1548.5956999999998500	0.0000042108640628
1548.6059000000000200	0.0000043574746087
1548.6166000000000600	0.0000043342315621
1548.6277000000000000	0.0000044325679482
1548.6374000000000700	0.0000044272037485
1548.6454000000001100	0.0000043503223424
1548.6519000000000700	0.0000044504467951
1548.6616000000001300	0.0000043306554289
1548.6745000000000800	0.0000044897806220
1548.6857999999999700	0.0000043610507419
1548.6953000000000900	0.0000043485342758
1548.7063000000000500	0.0000042841693357
1548.7185999999999200	0.0000043896561692
1548.7287999999998600	0.0000043538984755
1548.7365000000002000	0.0000042555620894
1548.7433000000000900	0.0000042484116420
1548.7533000000000800	0.0000042734427552
1548.7662000000000200	0.0000042233805289
1548.7763000000002200	0.0000041911971493
1548.7853000000002300	0.0000042162282625
1548.7965000000001500	0.0000041858329496
1548.8077000000000700	0.0000041411349230
1548.8170000000002300	0.0000040910745156
1548.8247000000001200	0.0000041518633225
1548.8322000000000600	0.0000041464991227
1548.8433000000000000	0.0000041357725422
1548.8559000000000200	0.0000040642553358
1548.8669000000002100	0.0000041178918764
1548.8780000000001500	0.0000041178918764
1548.8909000000001000	0.0000041196799430
1548.9031000000002200	0.0000041482871893
1548.9119000000000600	0.0000041357725422
1548.9193999999999900	0.0000041304083425
1548.9276999999999600	0.0000041608036554
1548.9395999999999300	0.0000041840467020
1548.9519000000000200	0.0000042055016820
1548.9621999999999400	0.0000041822586354
1548.9722000000001600	0.0000042144401959
1548.9836000000000200	0.0000041965613491
1548.9944000000000400	0.0000042877454689
1549.0025000000000500	0.0000042519877752
1549.0085999999998900	0.0000042645024223
1549.0167000000001300	0.0000042430474423
1549.0289999999999900	0.0000043092004489
1549.0402000000001400	0.0000043038362492
1549.0498000000002300	0.0000044200514822
1549.0606000000002500	0.0000043485342758
1549.0722000000000600	0.0000043467462092
1549.0821000000000800	0.0000043413838284
1549.0896000000000200	0.0000045434189815
1549.0967000000000500	0.0000045148117351
1549.1058000000000400	0.0000043485342758
1549.1178000000002100	0.0000043503223424
1549.1286999999999800	0.0000045094475354
1549.1376000000002500	0.0000045237502491
1549.1478999999999300	0.0000043020481826
1549.1591000000000800	0.0000043431700760
1549.1684000000000200	0.0000043181407818
1549.1760000000001600	0.0000044182634156
1549.1829999999999900	0.0000043127765821
1549.1932999999999100	0.0000042108640628
1549.2063000000000500	0.0000041625917220
1549.2175999999999500	0.0000042573501560
1549.2282000000002400	0.0000042126521294
1549.2405000000001100	0.0000041000130295
1549.2528999999999500	0.0000040749819163
1549.2622000000001200	0.0000041536513891
1549.2692999999999300	0.0000041161056288
1549.2765999999999100	0.0000041214680095
1549.2877000000000800	0.0000040964368964
1549.3002000000001300	0.0000041429229896
1549.3110999999998900	0.0000041304083425
1549.3214000000000400	0.0000041822586354
1549.3332000000000300	0.0000041840467020
1549.3444999999999200	0.0000042305309762
1549.3531000000000400	0.0000042162282625
1549.3603000000000500	0.0000042609262891
1549.3680000000001600	0.0000042734427552
1549.3795000000000100	0.0000042877454689
1549.3917000000001300	0.0000043378076953
1549.4023999999999400	0.0000043521104089
1549.4120000000000300	0.0000044003845687
1549.4230000000002300	0.0000043950203690
1549.4333999999998900	0.0000044325679482
1549.4417000000000800	0.0000044397183956
1549.4483999999999900	0.0000044558091759
1549.4561000000001000	0.0000044486587285
1549.4672000000000500	0.0000044844164222
1549.4783999999999600	0.0000045487813622
1549.4875000000001800	0.0000044558091759
1549.4970000000000700	0.0000044647495088
1549.5079000000000600	0.0000044969328883
1549.5182999999999500	0.0000045756005420
1549.5263999999999600	0.0000044629614422
1549.5328000000001800	0.0000044647495088
1549.5409000000001900	0.0000044969328883
1549.5530000000001100	0.0000045970555220
1549.5653999999999500	0.0000045201759349
1549.5759000000000400	0.0000044665375754
1549.5866000000000900	0.0000045237502491
1549.5977000000000300	0.0000046202985686
1549.6081000000001500	0.0000045309025154
1549.6162000000001600	0.0000044325679482
1549.6231000000000200	0.0000044987209549
1549.6315000000001900	0.0000046149343689
1549.6437000000000800	0.0000045487813622
1549.6556000000000500	0.0000043574746087
1549.6656000000000400	0.0000044146872824
1549.6764000000000600	0.0000045219640015
1549.6873000000000500	0.0000044701137085
1549.6970000000001100	0.0000043574746087
1549.7041999999999000	0.0000043449581426
1549.7106000000001100	0.0000044540229283
1549.7204999999999000	0.0000043807176553
1549.7334000000000700	0.0000044307798817
1549.7440000000001400	0.0000043538984755
1549.7533000000000800	0.0000044486587285
1549.7650000000001000	0.0000044307798817
1549.7771000000000200	0.0000044611733756
1549.7865000000001600	0.0000044719017751
1549.7936999999999400	0.0000044987209549
1549.8012000000001100	0.0000045255383156
1549.8121000000001000	0.0000045630858949
1549.8246000000001400	0.0000045845408749
1549.8349000000000600	0.0000046256627684
1549.8442000000000000	0.0000046757249947
1549.8549000000000400	0.0000046953919082
1549.8661999999999300	0.0000046864515753
1549.8752999999999200	0.0000046810891945
1549.8823000000002100	0.0000047311496019
1549.8891000000001000	0.0000047508165153
1549.9001000000000600	0.0000047400899348
1549.9128000000000600	0.0000047543926485
1549.9233999999999000	0.0000047937282943
1549.9330999999999700	0.0000047508165153
1549.9446000000000300	0.0000047508165153
1549.9557999999999500	0.0000047651210480
1549.9646000000000200	0.0000048008787417
1549.9712000000001800	0.0000047633329814
1549.9787000000001200	0.0000047186349548
1549.9907000000000600	0.0000047257872211
1550.0030000000001500	0.0000048491529014
1550.0132999999998400	0.0000048080310080
1550.0233000000000600	0.0000046632085287
1550.0346000000001800	0.0000047132707550
1550.0454000000002000	0.0000048706078815
1550.0534999999999800	0.0000048151832743
1550.0595000000000700	0.0000046900277084
1550.0674000000001300	0.0000047096946219
1550.0794000000000800	0.0000048169695219
1550.0911000000000900	0.0000047722714953
1550.1004000000000300	0.0000047186349548
1550.1102000000000800	0.0000046310269681
1550.1217000000001400	0.0000047472422011
1550.1320000000000600	0.0000046453296818
1550.1397999999999200	0.0000046775130613
1550.1467000000000100	0.0000044987209549
1550.1560999999999200	0.0000046256627684
1550.1686999999999400	0.0000045273263822
1550.1799000000000900	0.0000045684500947
1550.1888999999998700	0.0000044951448217
1550.1994000000001900	0.0000045595097617
1550.2116000000000900	0.0000045309025154
1550.2217000000000500	0.0000045380547817
1550.2291999999999900	0.0000046113600547
1550.2355999999999700	0.0000045988435886
1550.2461000000000700	0.0000046149343689
1550.2590000000002400	0.0000047007561079
1550.2695000000001100	0.0000047061184887
1550.2790999999999700	0.0000047722714953
1550.2908999999999600	0.0000047955145419
1550.3026999999999600	0.0000048402125685
1550.3123000000000500	0.0000048509409680
1550.3197000000000100	0.0000048652436817
1550.3271999999999500	0.0000048938509281
1550.3387000000000200	0.0000049278223742
1550.3515999999999600	0.0000049421250878
1550.3627999999998800	0.0000049367608881
1550.3735999999998900	0.0000049421250878
1550.3862000000001400	0.0000049313966883
1550.3982000000000900	0.0000049063673941
1550.4068999999999500	0.0000049367608881
1550.4138000000000400	0.0000049921873142
1550.4212000000000000	0.0000049492773542
1550.4326000000000900	0.0000048527290346
1550.4447000000000100	0.0000048491529014
1550.4543000000001000	0.0000049331847549
1550.4635000000000700	0.0000049045793276
1550.4745000000000300	0.0000048187575885
1550.4853000000000500	0.0000047454541345
1550.4929999999999400	0.0000048223337217
1550.4991999999999700	0.0000048616693675
1550.5075000000001600	0.0000048241217883
1550.5195999999998500	0.0000046131481213
1550.5303000000001200	0.0000046632085287
1550.5396000000000600	0.0000047329376685
1550.5498999999999800	0.0000046506938816
1550.5617999999999500	0.0000046471177484
1550.5722000000000600	0.0000045791766752
1550.5801000000001300	0.0000046274508350
1550.5864000000001400	0.0000044879925554
1550.5954000000001500	0.0000046059958549
1550.6085000000000500	0.0000045630858949
1550.6199999999998900	0.0000045684500947
1550.6303000000000300	0.0000044701137085
1550.6419000000000800	0.0000045666620281
1550.6543000000001500	0.0000045666620281
1550.6644000000001100	0.0000046131481213
1550.6721999999999700	0.0000045183878683
1550.6792000000000400	0.0000045899050747
1550.6902000000000000	0.0000046846635087
1550.7033000000001200	0.0000047347257350
1550.7142000000001200	0.0000046864515753
1550.7244000000000600	0.0000047740595619
1550.7361000000000800	0.0000048527290346
1550.7476000000001500	0.0000048992151278
1550.7565999999999300	0.0000048437887017
1550.7631999999998700	0.0000050136422942
1550.7703000000001300	0.0000049010031944
1550.7819999999999200	0.0000049814589147
1550.7950000000000700	0.0000049313966883
1550.8052000000000100	0.0000050780072343
1550.8151000000000300	0.0000049921873142
1550.8271000000002000	0.0000049457012210
1550.8385000000000700	0.0000049224581744
1550.8470999999999500	0.0000049546397349
1550.8541000000000100	0.0000049617920013
1550.8626000000001500	0.0000048706078815
1550.8746000000001000	0.0000048366382543
1550.8859000000002200	0.0000048259098548
1550.8950000000002100	0.0000048473648349
1550.9041000000002000	0.0000048259098548
1550.9153000000001100	0.0000047990906751
1550.9253000000001000	0.0000047526045819
1550.9328000000000400	0.0000047311496019
1550.9390000000000800	0.0000047526045819
1550.9474000000000100	0.0000047114826884
1550.9598000000000800	0.0000046775130613
1550.9708000000000500	0.0000046632085287
1550.9806000000000900	0.0000046596323955
1550.9918000000000100	0.0000046649965952
1551.0037000000002100	0.0000046274508350
1551.0142000000000700	0.0000046685727284
1551.0218000000002100	0.0000046882396418
1551.0288000000000400	0.0000047150588216
1551.0390999999999600	0.0000046703607950
1551.0522000000000800	0.0000046542700147
1551.0635999999999500	0.0000047794237616
1551.0741000000000400	0.0000047829998948
1551.0857000000000900	0.0000047311496019
1551.0969000000000000	0.0000047168468882
1551.1060999999999700	0.0000048241217883
1551.1137000000001100	0.0000049153059081
1551.1209000000001200	0.0000048241217883
1551.1313000000000100	0.0000048616693675
1551.1439000000000300	0.0000048884867283
1551.1547000000000500	0.0000049868231145
1551.1646000000000600	0.0000049457012210
1551.1760000000001600	0.0000050064900279
1551.1875000000000000	0.0000049886111810
1551.1964000000000400	0.0000050690669013
1551.2029999999999700	0.0000050422477216
1551.2108000000000600	0.0000050940980145
1551.2230999999999300	0.0000050708549679
1551.2344000000000500	0.0000050869475672
1551.2433000000000900	0.0000050333092076
1551.2533000000000800	0.0000051227052609
1551.2648000000001500	0.0000051191291277
1551.2752000000000400	0.0000049671562010
1551.2830000000001300	0.0000049582158681
1551.2893999999998800	0.0000050100661610
1551.2979000000000200	0.0000050100661610
1551.3107000000002200	0.0000049260343076
1551.3222000000000600	0.0000048509409680
1551.3322000000000600	0.0000048688198149
1551.3432000000000200	0.0000048813362810
1551.3553000000001700	0.0000048616693675
1551.3657000000000600	0.0000047990906751
1551.3736000000001200	0.0000048062429414
1551.3801000000000800	0.0000047919402277
1551.3896999999999500	0.0000047651210480
1551.4029000000000400	0.0000047579687816
1551.4146000000000600	0.0000047490284487
1551.4251000000001500	0.0000047132707550
1551.4366000000000000	0.0000047168468882
1551.4480000000000900	0.0000047651210480
1551.4573000000000300	0.0000047883640946
1551.4639999999999400	0.0000047257872211
1551.4705000000001300	0.0000047579687816
1551.4809999999999900	0.0000048759720812
1551.4927000000000100	0.0000048831243475
1551.5024000000000800	0.0000048527290346
1551.5119999999999400	0.0000048974270612
1551.5237999999999400	0.0000050172184274
1551.5348000000001300	0.0000050869475672
1551.5428000000001700	0.0000049832469813
1551.5489000000000000	0.0000051119768614
1551.5571000000002200	0.0000051084025472
1551.5695000000000600	0.0000052585874073
1551.5811000000001000	0.0000051781298680
1551.5903000000000700	0.0000053211642808
1551.6005000000000100	0.0000052818304539
1551.6123999999999800	0.0000053569237934
1551.6226000000001500	0.0000053104377002
1551.6306000000001800	0.0000054284391808
1551.6374000000000700	0.0000054230768001
1551.6458999999999800	0.0000054141364672
1551.6585999999999800	0.0000053926814871
1551.6702000000000200	0.0000055267755670
1551.6806000000001400	0.0000055428663472
1551.6924000000001300	0.0000054105603340
1551.7047000000000000	0.0000053819530876
1551.7146999999999900	0.0000055071086535
1551.7226000000000500	0.0000054928059399
1551.7296000000001200	0.0000053229523473
1551.7399000000000300	0.0000053158000810
1551.7525000000000500	0.0000054034080677
1551.7645000000000000	0.0000054016218201
1551.7749000000001100	0.0000053068615671
1551.7865000000001600	0.0000052103132475
1551.7980000000000000	0.0000053050735005
1551.8077000000000700	0.0000053229523473
1551.8153000000002000	0.0000053318926803
1551.8222000000000600	0.0000052174655139
1551.8333000000000100	0.0000052478590078
1551.8465000000001000	0.0000052675277402
1551.8573000000001200	0.0000052496470744
1551.8668000000000100	0.0000052728901210
1551.8784000000000500	0.0000052550112741
1551.8896000000002000	0.0000052585874073
1551.8979000000001600	0.0000052264040278
1551.9039000000000200	0.0000053086496337
1551.9112999999999800	0.0000053497715271
1551.9228000000000500	0.0000053354669944
1551.9337000000000400	0.0000053569237934
1551.9422999999999300	0.0000054087722674
1551.9526000000000700	0.0000054838656069
1551.9638000000002200	0.0000055035325204
1551.9736000000000300	0.0000055249875004
1551.9813000000001400	0.0000055267755670
1551.9876999999999000	0.0000056072312873
1551.9966999999999200	0.0000056519293139
1552.0092999999999400	0.0000057145080063
1552.0210000000001800	0.0000057699326135
1552.0308999999999700	0.0000058289351728
1552.0416999999999900	0.0000058199948398
1552.0538999999998800	0.0000059683916334
1552.0643999999999800	0.0000059308458731
1552.0720000000001100	0.0000059755438997
1552.0785000000000700	0.0000059379981394
1552.0887999999999900	0.0000061650644056
1552.1019000000001100	0.0000060667280195
1552.1139000000000600	0.0000059719677665
1552.1240000000000200	0.0000059272697399
1552.1349999999999900	0.0000061239425122
1552.1467999999999800	0.0000060577876866
1552.1569999999999200	0.0000058342975535
1552.1639999999999900	0.0000058182067733
1552.1706999999999000	0.0000059379981394
1552.1826000000000900	0.0000058736331994
1552.1959000000001600	0.0000057037796068
1552.2061000000001000	0.0000056465669331
1552.2157000000002000	0.0000057198703871
1552.2272000000000400	0.0000057109318732
1552.2380000000000500	0.0000056412027334
1552.2457000000001700	0.0000055839882407
1552.2517000000000300	0.0000057091438066
1552.2600999999999600	0.0000056805365602
1552.2726000000000100	0.0000056644457800
1552.2837000000001800	0.0000056483549997
1552.2925999999999900	0.0000057145080063
1552.3036999999999300	0.0000056626577134
1552.3165000000001300	0.0000057109318732
1552.3268000000000500	0.0000056608696468
1552.3343999999999600	0.0000057127199398
1552.3408000000001700	0.0000057162960729
1552.3507999999999300	0.0000057735087466
1552.3642000000002100	0.0000057735087466
1552.3755999999998500	0.0000057735087466
1552.3848000000000400	0.0000058342975535
1552.3953999999998800	0.0000058807836467
1552.4078999999999200	0.0000059058147599
1552.4180999999998700	0.0000059254816733
1552.4248999999999800	0.0000059308458731
1552.4314000000001700	0.0000060631518863
1552.4429000000002300	0.0000060399088397
1552.4558000000001800	0.0000060720922193
1552.4661000000000900	0.0000060703041527
1552.4758000000001600	0.0000063224015321
1552.4877000000001300	0.0000061847313191
1552.4987000000001000	0.0000061293048930
1552.5067000000001400	0.0000061561240727
1552.5128999999999400	0.0000063903426053
1552.5208000000000100	0.0000062580365920
1552.5329000000001500	0.0000061936698330
1552.5444999999999700	0.0000061918835854
1552.5544000000002100	0.0000064207360992
1552.5646000000001500	0.0000062937942857
1552.5761999999999700	0.0000061167902459
1552.5866000000000900	0.0000060792444856
1552.5940000000000500	0.0000062777035055
1552.5997000000002100	0.0000062151248130
1552.6092000000001000	0.0000058843597799
1552.6217000000001400	0.0000057895995269
1552.6327000000001100	0.0000060023630795
1552.6417999999998700	0.0000058521782194
1552.6525999999998900	0.0000057466895669
1552.6642000000001600	0.0000055589589465
1552.6739000000000000	0.0000057305987866
1552.6810000000000400	0.0000055982927734
1552.6880000000001000	0.0000056447788666
1552.6992999999999900	0.0000054624106269
1552.7123000000001400	0.0000055893524404
1552.7237000000000100	0.0000055822019931
1552.7334000000000700	0.0000056108074205
1552.7454999999999900	0.0000055750497268
1552.7578999999998300	0.0000056072312873
1552.7672999999999800	0.0000056608696468
1552.7735000000000100	0.0000056644457800
1552.7811999999999000	0.0000057502657000
1552.7940000000000900	0.0000057645684137
1552.8071999999999600	0.0000057824490796
1552.8178000000000300	0.0000058521782194
1552.8281999999999200	0.0000058861478465
1552.8406999999999700	0.0000058879359131
1552.8521000000000600	0.0000058736331994
1552.8601000000001000	0.0000059755438997
1552.8660999999999600	0.0000059344220062
1552.8755000000001000	0.0000059415742726
1552.8887999999999400	0.0000059469366533
1552.9000000000000900	0.0000060452730395
1552.9088000000001500	0.0000060345446400
1552.9193999999999900	0.0000060113034124
1552.9317000000000900	0.0000059791200329
1552.9414999999999000	0.0000061257287598
1552.9477999999999100	0.0000060971233324
1552.9538999999999700	0.0000060095153458
1552.9646999999999900	0.0000060095153458
1552.9766999999999400	0.0000061561240727
1552.9864000000000000	0.0000061400332925
1552.9947999999999400	0.0000059916346800
1553.0064999999999600	0.0000059648173192
1553.0181000000000000	0.0000060810307332
1553.0268000000000900	0.0000060631518863
1553.0330000000001300	0.0000059666053858
1553.0407999999999900	0.0000058933001128
1553.0534999999999800	0.0000058736331994
1553.0661999999999800	0.0000057735087466
1553.0768000000000500	0.0000057198703871
1553.0874999999998600	0.0000056894768932
1553.0996999999999800	0.0000056286862673
1553.1118000000001300	0.0000055357158999
1553.1203000000000400	0.0000055088967201
1553.1268000000000000	0.0000055446544138
1553.1358999999999900	0.0000055088967201
1553.1494999999999900	0.0000054177126003
1553.1620000000000300	0.0000053837411542
1553.1723000000001800	0.0000054338033806
1553.1832999999999200	0.0000053944695537
1553.1949000000001900	0.0000054445317801
1553.2048999999999500	0.0000054123484006
1553.2122999999999100	0.0000054552583606
1553.2184999999999500	0.0000054266511142
1553.2284000000001900	0.0000055214113672
1553.2407000000000600	0.0000055857763073
1553.2514000000001000	0.0000055678974604
1553.2608000000000200	0.0000055947166402
1553.2721999999998800	0.0000056662338466
1553.2842000000000500	0.0000056715980463
1553.2936999999999400	0.0000056894768932
1553.3007999999999800	0.0000056823246268
1553.3079000000000200	0.0000058128425735
1553.3198999999999600	0.0000057574179664
1553.3320000000001100	0.0000057305987866
1553.3414000000000200	0.0000057377510529
1553.3505999999999800	0.0000059022386267
1553.3626000000001500	0.0000058611167333
1553.3729000000000700	0.0000057288107200
1553.3810000000000800	0.0000057341749198
1553.3869000000001900	0.0000058772075135
1553.3947000000000600	0.0000059111789596
1553.4061000000001500	0.0000057234465203
1553.4176999999999700	0.0000057002034737
1553.4274000000000300	0.0000058664809330
1553.4379000000001200	0.0000058718451328
1553.4501000000000200	0.0000058396617533
1553.4612000000001900	0.0000056590815802
1553.4695000000001500	0.0000058289351728
1553.4758000000001600	0.0000058146306401
1553.4850000000001300	0.0000058718451328
1553.4978000000001000	0.0000056072312873
1553.5091999999999600	0.0000057002034737
1553.5192999999999300	0.0000057019915403
1553.5309000000002000	0.0000056626577134
1553.5425999999999900	0.0000055375039665
1553.5523000000000600	0.0000054767133406
1553.5595000000000700	0.0000056161716202
1553.5659000000000500	0.0000054820775404
1553.5762000000002000	0.0000055607470131
1553.5888999999999600	0.0000053354669944
1553.5992000000001100	0.0000055875643739
1553.6087000000000000	0.0000054177126003
1553.6204999999999900	0.0000055464424804
1553.6326000000001400	0.0000055053205870
1553.6415999999999200	0.0000056447788666
1553.6478999999999300	0.0000054820775404
1553.6549000000002200	0.0000055589589465
1553.6668000000001900	0.0000057109318732
1553.6783000000000300	0.0000057019915403
1553.6872000000000700	0.0000057162960729
1553.6968000000001600	0.0000057878114603
1553.7089000000000800	0.0000058503901528
1553.7198000000000800	0.0000058789955801
1553.7279000000000900	0.0000059004505601
1553.7342999999998500	0.0000059272697399
1553.7427999999999900	0.0000059540889197
1553.7563999999999800	0.0000059737558331
1553.7687000000000800	0.0000060148777266
1553.7784000000001400	0.0000060738802858
1553.7894000000001100	0.0000060935471993
1553.8028999999999100	0.0000060881829995
1553.8143999999999800	0.0000061042737798
1553.8220999999998600	0.0000060989113990
1553.8288000000002300	0.0000060971233324
1553.8384000000000900	0.0000061561240727
1553.8519000000001100	0.0000061722148530
1553.8630000000000500	0.0000061024857132
1553.8730000000000500	0.0000060649399529
1553.8840000000000100	0.0000061775790527
1553.8957000000000300	0.0000062240651459
1553.9051000000001700	0.0000061668524722
1553.9121999999999800	0.0000060524253058
1553.9187000000001700	0.0000061900955188
1553.9285999999999600	0.0000062240651459
1553.9409000000000500	0.0000061954578996
1553.9513999999999200	0.0000061060618464
1553.9607000000000900	0.0000061400332925
1553.9724000000001000	0.0000061686405388
1553.9837999999999700	0.0000060989113990
1553.9919000000002100	0.0000061203663790
1553.9986000000001200	0.0000060899710661
1554.0063999999999800	0.0000061060618464
1554.0181000000000000	0.0000059505127865
1554.0292000000001700	0.0000060971233324
1554.0389000000002400	0.0000060291822592
1554.0486000000000800	0.0000060917591327
1554.0603000000001000	0.0000059093908931
1554.0708999999999400	0.0000060220299929
1554.0791000000001500	0.0000060238180595
1554.0851000000000100	0.0000061185783125
1554.0933999999999700	0.0000059987869463
1554.1057000000000700	0.0000060148777266
1554.1182000000001100	0.0000061436094256
1554.1283000000000800	0.0000062490962591
1554.1388999999999200	0.0000062330054789
1554.1517999999998600	0.0000063063089328
1554.1637000000000600	0.0000064100095187
1554.1721000000000000	0.0000064386167651
1554.1784999999999800	0.0000064243122324
1554.1881000000000700	0.0000066764096118
1554.2015000000001200	0.0000066191969381
1554.2130999999999400	0.0000066746215452
1554.2236000000000300	0.0000067085929913
1554.2349999999999000	0.0000069088400778
1554.2460000000000900	0.0000068641420512
1554.2554000000000100	0.0000068069275585
1554.2630000000001500	0.0000067836845119
1554.2696000000000800	0.0000069678408181
1554.2799999999999700	0.0000069749930844
1554.2927999999999400	0.0000068051394919
1554.3033000000000300	0.0000067979890446
1554.3130000000001000	0.0000069392335718
1554.3248000000000900	0.0000069267189247
1554.3360000000000100	0.0000068659301178
1554.3439000000000700	0.0000067693817982
1554.3504000000000300	0.0000068873850978
1554.3578999999999700	0.0000068802328315
1554.3695000000000100	0.0000069034758781
1554.3805999999999600	0.0000068623539846
1554.3901000000000700	0.0000068766566983
1554.3997000000001600	0.0000067979890446
1554.4112999999999800	0.0000068087156251
1554.4213999999999500	0.0000068677181844
1554.4290000000000900	0.0000068194440246
1554.4352000000001200	0.0000067532910180
1554.4438000000000100	0.0000067497148848
1554.4563000000000500	0.0000067282599048
1554.4677999999999000	0.0000066853499447
1554.4782000000000100	0.0000066942884587
1554.4895000000001300	0.0000067157434387
1554.5012999999999000	0.0000067318360379
1554.5113000000001200	0.0000066603188316
1554.5196000000000800	0.0000066066804720
1554.5262999999999900	0.0000067264718382
1554.5364999999999300	0.0000067962009780
1554.5493999999998800	0.0000067032287916
1554.5611000000001200	0.0000066621068981
1554.5709999999999100	0.0000067890487117
1554.5824000000000000	0.0000069213547249
1554.5942000000000000	0.0000068319586717
1554.6040000000000400	0.0000068998997449
1554.6108000000001500	0.0000069445977715
1554.6175000000000600	0.0000070482983574
1554.6293000000000600	0.0000070876321843
1554.6415999999999200	0.0000071216018114
1554.6517000000001200	0.0000072092097980
1554.6618000000000800	0.0000072700004239
1554.6733999999999000	0.0000073146984505
1554.6840999999999400	0.0000072986058512
1554.6917000000000800	0.0000074076706369
1554.6983999999999900	0.0000073540322774
1554.7068999999999000	0.0000073719111242
1554.7192999999999700	0.0000074273375503
1554.7310000000002200	0.0000074791860243
1554.7402999999999300	0.0000074183972174
1554.7510999999999500	0.0000073200608313
1554.7635000000000200	0.0000073915780376
1554.7739000000001400	0.0000073844275903
1554.7814000000000700	0.0000073736991908
1554.7880000000000100	0.0000072556958912
1554.7981999999999500	0.0000072592720244
1554.8116000000000000	0.0000072735765571
1554.8227000000001700	0.0000072217262641
1554.8324999999999800	0.0000071859667514
1554.8440000000000500	0.0000071126632974
1554.8556999999998400	0.0000072163620644
1554.8652000000001800	0.0000070322057582
1554.8719000000000900	0.0000071216018114
1554.8786999999999800	0.0000071216018114
1554.8899000000001200	0.0000071144513640
1554.9022999999999700	0.0000069159905252
1554.9129000000000300	0.0000070143269113
1554.9218000000000700	0.0000071072990977
1554.9332999999999200	0.0000070518726716
1554.9445000000000600	0.0000069857196650
1554.9535000000000700	0.0000070322057582
1554.9593000000002100	0.0000071037229645
1554.9669000000001200	0.0000070947826316
1554.9789000000000600	0.0000070661772043
1554.9906000000000800	0.0000070518726716
1555.0000999999999700	0.0000072270904639
1555.0109999999999700	0.0000072092097980
1555.0227000000002100	0.0000071216018114
1555.0329999999999000	0.0000071949070843
1555.0406000000000400	0.0000073325772973
1555.0467000000001000	0.0000073111223173
1555.0570000000000100	0.0000072825150710
1555.0695000000000600	0.0000074702475104
1555.0797000000000000	0.0000073379414971
1555.0879999999999600	0.0000074219733506
1555.0998999999999300	0.0000074416402640
1555.1121000000000500	0.0000075793104770
1555.1214999999999700	0.0000074273375503
1555.1281000000001300	0.0000075185216701
1555.1349999999999900	0.0000074899144238
1555.1466000000000300	0.0000076436754171
1555.1592000000000500	0.0000075650077633
1555.1698000000001200	0.0000074809740909
1555.1805000000001600	0.0000075113694038
1555.1928000000000300	0.0000076025535236
1555.2042000000001300	0.0000075578554970
1555.2128999999999900	0.0000074398521974
1555.2201000000000000	0.0000074738236435
1555.2290000000000400	0.0000074970666901
1555.2417000000000400	0.0000074326999311
1555.2542000000000800	0.0000073844275903
1555.2645999999999700	0.0000073862156569
1555.2754999999999600	0.0000073683349910
1555.2873999999999300	0.0000072807270044
1555.2974000000001500	0.0000072950315371
1555.3048999999998600	0.0000072914554039
1555.3110000000001500	0.0000072592720244
1555.3199000000001900	0.0000071877548180
1555.3319000000001300	0.0000072253023973
1555.3419000000001200	0.0000071770282375
1555.3512000000000600	0.0000071966951509
1555.3622000000000300	0.0000071251779445
1555.3740000000000200	0.0000072074217314
1555.3830000000000400	0.0000072413931775
1555.3897000000001700	0.0000071591493906
1555.3966000000000300	0.0000071555732575
1555.4078999999999200	0.0000072235143307
1555.4197999999998900	0.0000073003939178
1555.4291000000000600	0.0000072145739978
1555.4389000000001000	0.0000072771508712
1555.4503000000002000	0.0000072968196037
1555.4615000000001100	0.0000073772753240
1555.4698000000000800	0.0000073450919444
1555.4762000000000600	0.0000074058825703
1555.4842000000001000	0.0000074595191109
1555.4968999999998700	0.0000074344879977
1555.5090000000000100	0.0000074344879977
1555.5189000000000300	0.0000075167336036
1555.5285999999998700	0.0000075471270975
1555.5403000000001100	0.0000074613071774
1555.5513000000000800	0.0000074791860243
1555.5591000000001700	0.0000075435527833
1555.5653000000002000	0.0000076472515502
1555.5745999999999200	0.0000074773997767
1555.5886000000000400	0.0000075006410043
1555.6010000000001100	0.0000075006410043
1555.6106000000002000	0.0000076007654570
1555.6217000000001400	0.0000074738236435
1555.6340000000000100	0.0000074005183706
1555.6442999999999300	0.0000074487925303
1555.6514000000001900	0.0000075131574704
1555.6576000000002300	0.0000074541567301
1555.6689999999998700	0.0000073808514571
1555.6815999999998900	0.0000073880019045
1555.6920000000000100	0.0000074434283306
1555.7015000000001200	0.0000074201852840
1555.7131999999999100	0.0000073969422374
1555.7246999999999800	0.0000074112449511
1555.7333000000001000	0.0000074058825703
1555.7391999999999800	0.0000073647606769
1555.7472999999999900	0.0000073433038779
1555.7597000000000600	0.0000073790633905
1555.7716000000000300	0.0000073057581176
1555.7808000000000000	0.0000072860912042
1555.7907000000002400	0.0000073468800110
1555.8030000000001100	0.0000073665469245
1555.8138000000001300	0.0000072145739978
1555.8207999999999600	0.0000072342409112
1555.8264999999998900	0.0000073468800110
1555.8368000000000400	0.0000073969422374
1555.8498999999999300	0.0000072807270044
1555.8612000000000500	0.0000074791860243
1555.8702000000000700	0.0000073254250310
1555.8813999999999800	0.0000074934905570
1555.8933999999999300	0.0000074255494837
1555.9030999999999900	0.0000076561918831
1555.9094999999999800	0.0000076150681707
1555.9163000000000900	0.0000075685820775
1555.9285999999999600	0.0000076615542639
1555.9413000000001800	0.0000076794349297
1555.9514000000001500	0.0000078618013504
1555.9606000000001100	0.0000076436754171
1555.9728000000000000	0.0000076740707300
1555.9843000000000700	0.0000077134045569
1555.9923999999998600	0.0000079422588897
1555.9982000000000000	0.0000077974364103
1556.0068000000001100	0.0000076561918831
1556.0200000000002100	0.0000076991018432
1556.0317000000000000	0.0000078171033238
1556.0406000000000400	0.0000077652548498
1556.0510000000001600	0.0000077080403571
1556.0632000000000500	0.0000077259192039
1556.0739000000000900	0.0000076847973105
1556.0808999999999300	0.0000076132801041
1556.0869000000002400	0.0000076114938565
1556.0978000000000000	0.0000076472515502
1556.1106000000002000	0.0000075775224104
1556.1209000000001200	0.0000074845502240
1556.1295999999999800	0.0000074917024904
1556.1407999999999000	0.0000075739462773
1556.1518000000000900	0.0000075203097367
1556.1610000000000600	0.0000075042171375
1556.1676999999999700	0.0000075435527833
1556.1753000000001000	0.0000075471270975
1556.1876000000002000	0.0000074899144238
1556.2005000000001500	0.0000075131574704
1556.2108000000000600	0.0000075542793638
1556.2214000000001300	0.0000075149455370
1556.2338999999999500	0.0000075131574704
1556.2458000000001400	0.0000075542793638
1556.2542000000000800	0.0000075900388765
1556.2602000000001700	0.0000075524912972
1556.2699999999999800	0.0000075489151641
1556.2835000000000000	0.0000075864627433
1556.2953000000002200	0.0000076615542639
1556.3042000000000400	0.0000075793104770
1556.3151000000000300	0.0000076418873505
1556.3272999999999200	0.0000076007654570
1556.3371000000001900	0.0000076937376434
1556.3434000000002000	0.0000076365231507
1556.3500000000001300	0.0000077151926234
1556.3609000000001300	0.0000078296197898
1556.3732999999999700	0.0000077008899098
1556.3832999999999600	0.0000077741933637
1556.3928000000000800	0.0000077938602772
1556.4042999999999200	0.0000080191384768
1556.4156000000000400	0.0000078457105701
1556.4239999999999800	0.0000078635894170
1556.4299000000000900	0.0000078224675235
1556.4382000000000500	0.0000080960198829
1556.4505000000001500	0.0000080620502558
1556.4619000000000100	0.0000078028006101
1556.4710000000000000	0.0000077884978964
1556.4809000000000200	0.0000080674126366
1556.4930000000001600	0.0000080423815234
1556.5027999999999800	0.0000077884978964
1556.5098000000000400	0.0000077187687566
1556.5159000000001000	0.0000079708661360
1556.5262999999999900	0.0000078743178165
1556.5394999999998600	0.0000077062522905
1556.5508999999999500	0.0000075846746768
1556.5610000000001500	0.0000077795575635
1556.5725999999999600	0.0000077116164903
1556.5846000000001300	0.0000076812211773
1556.5944000000001800	0.0000075042171375
1556.6013000000000400	0.0000077277072705
1556.6090000000001500	0.0000076651303971
1556.6216999999999200	0.0000077062522905
1556.6342999999999400	0.0000076561918831
1556.6449999999999800	0.0000077795575635
1556.6549000000002200	0.0000077581025835
1556.6669000000001700	0.0000078117409430
1556.6782000000000600	0.0000078886205301
1556.6861999999998700	0.0000078832581494
1556.6920000000000100	0.0000079047131294
1556.7009000000000400	0.0000080620502558
1556.7138000000002200	0.0000080459576566
1556.7248999999999300	0.0000080995960161
1556.7342000000001000	0.0000081031721493
1556.7449000000001400	0.0000081872040028
1556.7571000000000300	0.0000081603848230
1556.7671000000000300	0.0000081550206232
1556.7742000000000600	0.0000081585967564
1556.7805000000000700	0.0000081961443357
1556.7915000000000400	0.0000082319020294
1556.8038000000001400	0.0000081693251559
1556.8133000000000200	0.0000081782636698
1556.8216999999999600	0.0000082032947830
1556.8328000000001300	0.0000082444166765
1556.8442999999999700	0.0000082998431026
1556.8531000000000400	0.0000083212980826
1556.8587000000000000	0.0000082944789028
1556.8661000000001900	0.0000082533570094
1556.8780000000001500	0.0000082962669694
1556.8903000000000200	0.0000084410894488
1556.9007000000001400	0.0000084267849161
1556.9111000000000300	0.0000082426304289
1556.9233000000001500	0.0000082444166765
1556.9349999999999400	0.0000084124822024
1556.9433000000001300	0.0000084375133156
1556.9492999999999900	0.0000082873284555
1556.9591000000000300	0.0000081085363490
1556.9724000000001000	0.0000082980550360
1556.9840999999999000	0.0000082319020294
1556.9936000000000100	0.0000082032947830
1557.0045000000000100	0.0000080101999629
1557.0163999999999700	0.0000081138987298
1557.0266999999998900	0.0000080978079495
1557.0335999999999800	0.0000080495337897
1557.0395999999998300	0.0000080656245700
1557.0505000000000500	0.0000080227146100
1557.0633000000000200	0.0000081532343756
1557.0738000000001200	0.0000080978079495
1557.0829000000001100	0.0000082336900959
1557.0948000000000800	0.0000081335656432
1557.1075000000000700	0.0000083302384155
1557.1167000000000400	0.0000083195100160
1557.1230000000000500	0.0000083356007963
1557.1307000000001600	0.0000084142702690
1557.1432000000002000	0.0000085251213022
1557.1547000000000500	0.0000086341842689
1557.1634000000001400	0.0000087289445219
1557.1736000000000800	0.0000087736425485
1557.1861000000001200	0.0000087986736617
1557.1968000000001600	0.0000088272809080
1557.2041000000001500	0.0000090418307082
1557.2099000000000600	0.0000088362194219
1557.2196000000001300	0.0000088844935817
1557.2332000000001200	0.0000088111883088
1557.2451999999998400	0.0000090293160611
1557.2551000000000800	0.0000088827055151
1557.2666000000001500	0.0000087396729214
1557.2791999999999400	0.0000087414591690
1557.2899000000002100	0.0000088183405751
1557.2963999999999500	0.0000088397955551
1557.3029999999998800	0.0000087003372755
1557.3142000000000300	0.0000086198815552
1557.3276000000000700	0.0000086645795818
1557.3380000000001900	0.0000087486114353
1557.3468000000000300	0.0000087468233687
1557.3577000000000200	0.0000087790067482
1557.3695000000000100	0.0000087182161224
1557.3782000000001000	0.0000086753061623
1557.3838000000000600	0.0000087182161224
1557.3911000000000500	0.0000088523120212
1557.4031000000002200	0.0000088487358880
1557.4143000000001400	0.0000087432472355
1557.4233000000001500	0.0000086627915152
1557.4336000000000700	0.0000088594624685
1557.4455000000000400	0.0000088040378614
1557.4565999999999800	0.0000088344313554
1557.4638999999999600	0.0000086931868282
1557.4699000000000500	0.0000088201286417
1557.4792999999999600	0.0000087647022156
1557.4918999999999800	0.0000087468233687
1557.5018999999999800	0.0000088952219812
1557.5099999999999900	0.0000089309796749
1557.5208000000000100	0.0000088219167083
1557.5326999999999800	0.0000088362194219
1557.5424000000000400	0.0000089828299679
1557.5493000000001300	0.0000090167995950
1557.5561999999999900	0.0000089721015684
1557.5676000000000800	0.0000090257399279
1557.5808000000001800	0.0000091473175416
1557.5924000000000000	0.0000092259870144
1557.6030000000000600	0.0000092116843007
1557.6154000000001300	0.0000093475664471
1557.6276000000000300	0.0000094047791208
1557.6367999999999900	0.0000094423248811
1557.6432000000002000	0.0000094494771474
1557.6512999999999900	0.0000096622407000
1557.6637000000000600	0.0000095388732007
1557.6760000000001600	0.0000095227824204
1557.6855000000000500	0.0000095388732007
1557.6955000000000400	0.0000097480606200
1557.7077000000001600	0.0000096354215202
1557.7189000000000700	0.0000094190818345
1557.7265000000002100	0.0000094119313871
1557.7322000000001500	0.0000096354215202
1557.7413999999998800	0.0000095674804470
1557.7543000000000600	0.0000092653208412
1557.7654000000000000	0.0000092474419944
1557.7743000000000400	0.0000094119313871
1557.7851000000000500	0.0000093779599410
1557.7971000000000000	0.0000091777128546
1557.8077000000000700	0.0000090972571343
1557.8142000000000300	0.0000092045320343
1557.8206000000000100	0.0000092349273473
1557.8315999999999800	0.0000092152586149
1557.8432000000002500	0.0000090024968813
1557.8522000000000400	0.0000091491056082
1557.8610000000001000	0.0000091526817414
1557.8727000000001200	0.0000091866531875
1557.8838000000000600	0.0000091079837148
1557.8922000000000000	0.0000091437432275
1557.8985999999999900	0.0000091348028946
1557.9061000000001500	0.0000091348028946
1557.9184000000000200	0.0000091991678346
1557.9305999999999100	0.0000092152586149
1557.9411000000000000	0.0000091562578746
1557.9518000000000500	0.0000090811645350
1557.9644000000000700	0.0000092528061941
1557.9763000000000400	0.0000092831996881
1557.9845000000000200	0.0000091562578746
1557.9905000000001100	0.0000091187121143
1557.9999000000000200	0.0000092635327746
1558.0135999999999900	0.0000093028684205
1558.0255000000001900	0.0000092385016615
1558.0346000000001800	0.0000092992922873
1558.0451000000000500	0.0000093851122074
1558.0576000000000900	0.0000094262341008
1558.0684000000001100	0.0000093886883406
1558.0751999999999900	0.0000095478135336
1558.0806999999999800	0.0000095513896667
1558.0918999999998900	0.0000096229050541
1558.1047000000000900	0.0000096050262073
1558.1145999999998800	0.0000099268527265
1558.1243999999999200	0.0000097641514003
1558.1366000000000400	0.0000097355441540
1558.1485999999999900	0.0000097552110674
1558.1580000000001300	0.0000100287634268
1558.1643000000001400	0.0000099500957731
1558.1723000000001800	0.0000096783314802
1558.1844000000000900	0.0000096425719676
1558.1963000000000600	0.0000098946693470
1558.2058999999999300	0.0000098392447399
1558.2153000000000700	0.0000095585401141
1558.2272000000000400	0.0000094369625003
1558.2385999999999000	0.0000096711792139
1558.2468000000001200	0.0000096014500741
1558.2525000000000500	0.0000095424493338
1558.2614000000000900	0.0000092796253739
1558.2742000000000600	0.0000094047791208
1558.2855999999999300	0.0000093511407613
1558.2950000000000700	0.0000093475664471
1558.3059000000000600	0.0000092545942607
1558.3183000000001300	0.0000092581703939
1558.3285000000000700	0.0000092063201009
1558.3354000000001600	0.0000092528061941
1558.3421000000000700	0.0000093046546681
1558.3535000000001700	0.0000092975042207
1558.3659000000000100	0.0000092134723673
1558.3764000000001000	0.0000092706850410
1558.3864000000000900	0.0000094137194537
1558.3980000000001400	0.0000093654452940
1558.4092000000000500	0.0000093278977147
1558.4179000000001400	0.0000093886883406
1558.4238000000000300	0.0000095174182206
1558.4309000000000600	0.0000094584174803
1558.4427000000000600	0.0000095120540209
1558.4538000000000000	0.0000095281466201
1558.4629999999999600	0.0000096622407000
1558.4727000000000300	0.0000096461481007
1558.4846999999999700	0.0000097784541140
1558.4956000000001900	0.0000098070613603
1558.5035000000000300	0.0000097856063803
1558.5090999999999900	0.0000098195778264
1558.5176000000001300	0.0000099143362604
1558.5299000000000000	0.0000101771620393
1558.5406000000000400	0.0000098499713204
1558.5491999999999300	0.0000100126726466
1558.5597999999999900	0.0000098750024335
1558.5712000000000900	0.0000102361627796
1558.5814000000000300	0.0000100770375866
1558.5887999999999900	0.0000099983699329
1558.5951999999999800	0.0000098303044069
1558.6055999999998700	0.0000101664336398
1558.6184000000000600	0.0000101002806332
1558.6292000000000800	0.0000097552110674
1558.6385000000000200	0.0000097301817732
1558.6502000000000400	0.0000099125500128
1558.6625000000001300	0.0000098303044069
1558.6724000000001500	0.0000097337560874
1558.6784000000000100	0.0000095567520475
1558.6853000000001000	0.0000096193307400
1558.6973000000000400	0.0000095978739409
1558.7103000000001900	0.0000095585401141
1558.7205000000001300	0.0000094602055469
1558.7302999999999400	0.0000093958387879
1558.7420000000001900	0.0000093368380476
1558.7538000000001800	0.0000093439903139
1558.7625000000000400	0.0000093869002740
1558.7680000000000300	0.0000093046546681
1558.7762999999999900	0.0000092545942607
1558.7885999999998600	0.0000092957161542
1558.7999999999999500	0.0000093010803539
1558.8085000000000900	0.0000093046546681
1558.8186000000000600	0.0000094155075203
1558.8301000000001300	0.0000094065671874
1558.8406999999999700	0.0000094262341008
1558.8478000000000000	0.0000094584174803
1558.8531000000000400	0.0000095084778877
1558.8629000000000800	0.0000096497242339
1558.8747000000000700	0.0000097552110674
1558.8840000000000100	0.0000096854837466
1558.8919000000000800	0.0000099143362604
1558.9027000000000900	0.0000099000335467
1558.9147000000000400	0.0000100198249129
1558.9246000000000500	0.0000098964574136
1558.9309000000000600	0.0000102862250060
1558.9375000000000000	0.0000102021931525
1558.9491000000000400	0.0000101771620393
1558.9619999999999900	0.0000101753739727
1558.9720999999999500	0.0000104328337329
1558.9814000000001200	0.0000105812323454
1558.9933000000000900	0.0000101735859062
1559.0058000000001300	0.0000103237707663
1559.0148000000001500	0.0000103112561192
1559.0202999999999000	0.0000106455972855
1559.0286999999998400	0.0000102540416265
1559.0421000000001200	0.0000101968289528
1559.0543999999999800	0.0000101288878795
1559.0642000000000300	0.0000104775317595
1559.0751000000000200	0.0000103684687929
1559.0877000000000400	0.0000099697626865
1559.0994000000000600	0.0000099769149529
1559.1068999999999900	0.0000102790727396
1559.1122000000000300	0.0000101789501059
1559.1220000000000700	0.0000099572480394
1559.1351000000001900	0.0000098678519862
1559.1453000000001300	0.0000100484303402
1559.1535000000001200	0.0000099250646599
1559.1641999999999400	0.0000098374566733
1559.1775000000000100	0.0000097212414403
1559.1884999999999700	0.0000098428208730
1559.1951000000001400	0.0000097051506600
1559.2014999999998900	0.0000096836956800
1559.2131000000001700	0.0000096157546068
1559.2261000000000900	0.0000096354215202
1559.2361000000000800	0.0000095442374004
1559.2454000000000200	0.0000095549639809
1559.2565999999999300	0.0000095567520475
1559.2676999999998800	0.0000095996620075
1559.2767999999998600	0.0000096068142739
1559.2829999999999000	0.0000096604526334
1559.2903000000001100	0.0000097319698398
1559.3016000000002300	0.0000097462725535
1559.3129000000001200	0.0000099197004602
1559.3218000000001600	0.0000100680990727
1559.3316999999999500	0.0000101002806332
1559.3433000000000000	0.0000101896766864
1559.3549000000000400	0.0000103380752989
1559.3631000000000300	0.0000104417740658
1559.3683000000000900	0.0000104417740658
1559.3776000000000300	0.0000105329581856
1559.3919000000000800	0.0000107153264253
1559.4036000000000900	0.0000108172371256
1559.4124000000001600	0.0000106992356450
1559.4229000000000200	0.0000107224786916
1559.4362000000001000	0.0000110300006781
1559.4474999999999900	0.0000110586079245
1559.4539000000002000	0.0000107922078314
1559.4592999999999800	0.0000107135383587
1559.4703000000001800	0.0000109960292320
1559.4825000000000700	0.0000110961536848
1559.4912000000001600	0.0000107510841190
1559.4996000000001000	0.0000105562012322
1559.5104000000001200	0.0000107636005851
1559.5224000000000600	0.0000108369058580
1559.5317000000000000	0.0000106420211523
1559.5378000000000600	0.0000103827733255
1559.5449000000001000	0.0000105150793388
1559.5576000000000900	0.0000105758681457
1559.5689000000002100	0.0000104453501990
1559.5777000000000500	0.0000102772846731
1559.5871999999999400	0.0000104006521724
1559.5993000000000800	0.0000103917118395
1559.6108000000001500	0.0000103112561192
1559.6194000000000400	0.0000102808608062
1559.6253000000001500	0.0000103184083855
1559.6345000000001100	0.0000103005277197
1559.6478999999999300	0.0000102075555333
1559.6593000000000300	0.0000102361627796
1559.6687999999999200	0.0000102486792457
1559.6799999999998300	0.0000102361627796
1559.6927000000000600	0.0000102147077996
1559.7037000000000200	0.0000102576177596
1559.7112999999999400	0.0000102719222923
1559.7173000000002500	0.0000102504673123
1559.7283999999999600	0.0000103738329926
1559.7417000000000400	0.0000104006521724
1559.7530999999999000	0.0000104668051790
1559.7624000000000700	0.0000104632290459
1559.7741000000000900	0.0000107278410724
1559.7868000000000800	0.0000107546602521
1559.7962000000000000	0.0000106956595118
1559.8022000000000800	0.0000107117502921
1559.8091999999999200	0.0000109978172986
1559.8213000000000600	0.0000111587305582
1559.8329000000001100	0.0000109173615783
1559.8419000000001200	0.0000109495449578
1559.8513000000000400	0.0000112230954983
1559.8628000000001000	0.0000114322829177
1559.8747000000000700	0.0000111033059511
1559.8825000000001600	0.0000111158205982
1559.8882000000001000	0.0000112892485049
1559.8967000000000100	0.0000115145267046
1559.9095999999999500	0.0000112356119644
1559.9203999999999700	0.0000110478795250
1559.9286000000001900	0.0000111372755782
1559.9390000000000800	0.0000112892485049
1559.9510000000000200	0.0000112320358312
1559.9620999999999600	0.0000107403575385
1559.9689000000000700	0.0000107814794319
1559.9747999999999600	0.0000110657583718
1559.9858000000001500	0.0000108744516183
1559.9991000000000000	0.0000106205661723
1560.0098000000000400	0.0000104078044387
1560.0196000000000800	0.0000107832674985
1560.0315000000000500	0.0000104435621324
1560.0437999999999200	0.0000106223542389
1560.0536000000001900	0.0000103970760392
1560.0603000000001000	0.0000105347462522
1560.0679999999999800	0.0000104954124254
1560.0809000000001500	0.0000105168674054
1560.0939000000000700	0.0000105830204120
1560.1043999999999400	0.0000105240178527
1560.1146000000001100	0.0000105883846118
1560.1268000000002300	0.0000106169900391
1560.1384000000000400	0.0000105740800791
1560.1463000000001100	0.0000106295065052
1560.1512999999999900	0.0000106759925984
1560.1596000000001800	0.0000106670522655
1560.1723999999999200	0.0000106384450191
1560.1841999999999200	0.0000107546602521
1560.1928000000000300	0.0000106902953121
1560.2033000000001200	0.0000107600244519
1560.2161000000000900	0.0000107528721855
1560.2280000000000600	0.0000109584834718
1560.2355000000002300	0.0000109727880044
1560.2409000000000100	0.0000108619351522
1560.2524000000000800	0.0000108851781988
1560.2654000000000000	0.0000110711225716
1560.2753000000000100	0.0000112874622573
1560.2831000000001000	0.0000110961536848
1560.2934999999999900	0.0000110997298179
1560.3053999999999600	0.0000110907894850
1560.3144999999999500	0.0000114698286779
1560.3196000000000300	0.0000114179802040
1560.3260000000000200	0.0000111551544251
1560.3383000000001200	0.0000111551544251
1560.3511000000000900	0.0000115878319775
1560.3608999999999000	0.0000115806815302
1560.3707000000001700	0.0000113089172373
1560.3831999999999900	0.0000111837616714
1560.3958000000002300	0.0000115753173304
1560.4038000000000400	0.0000114126160042
1560.4094999999999800	0.0000114126160042
1560.4193000000000200	0.0000110514556582
1560.4332999999999200	0.0000113983132906
1560.4460000000001400	0.0000110746987048
1560.4561000000001000	0.0000111694589577
1560.4674000000000000	0.0000107689647848
1560.4796000000001200	0.0000109924549179
1560.4898000000000600	0.0000107564483187
1560.4965000000001900	0.0000108190251922
1560.5023999999998500	0.0000107010237116
1560.5136999999999700	0.0000106956595118
1560.5272999999999700	0.0000106634761323
1560.5381999999999600	0.0000106205661723
1560.5472999999999500	0.0000108279655251
1560.5590999999999400	0.0000107671767182
1560.5718000000001600	0.0000107796913653
1560.5813000000000500	0.0000108226013253
1560.5866000000000900	0.0000109423926915
1560.5945000000001500	0.0000110210603452
1560.6084000000000700	0.0000110031814984
1560.6203000000000400	0.0000111033059511
1560.6285000000000300	0.0000111623066914
1560.6384000000000400	0.0000112785219244
1560.6507000000001400	0.0000112517027446
1560.6618000000000800	0.0000113804326247
1560.6694000000002200	0.0000114144040708
1560.6751999999999000	0.0000113625537779
1560.6861000000001200	0.0000114161921374
1560.7004000000001700	0.0000116772280307
1560.7119000000000100	0.0000117362305900
1560.7214000000001300	0.0000116289538710
1560.7329999999999500	0.0000116521969176
1560.7458999999998900	0.0000118899915833
1560.7563999999999800	0.0000119418418763
1560.7628000000002000	0.0000117898671306
1560.7694000000001300	0.0000117719882837
1560.7817999999999700	0.0000120491167763
1560.7953999999999700	0.0000120795102703
1560.8053999999999600	0.0000119293254102
1560.8138999999998700	0.0000118560201372
1560.8256000000001200	0.0000121170578495
1560.8374000000001100	0.0000120580552903
1560.8454000000001500	0.0000119990545500
1560.8504000000000300	0.0000118524440040
1560.8587999999999700	0.0000120205095300
1560.8722000000000200	0.0000119293254102
1560.8831999999999900	0.0000119454161904
1560.8920000000000500	0.0000116808041639
1560.9032000000002000	0.0000118041716632
1560.9162000000001200	0.0000116772280307
1560.9266000000000100	0.0000116361061373
1560.9338999999999900	0.0000115788934636
1560.9396999999999000	0.0000116790160973
1560.9504999999999200	0.0000113554033305
1560.9629999999999600	0.0000113214318844
1560.9728000000000000	0.0000115449220175
1560.9818000000000200	0.0000115252551041
1560.9932000000001100	0.0000113500391308
1561.0050000000001100	0.0000113571895781
1561.0144000000000200	0.0000115484981507
1561.0210000000001800	0.0000115896200441
1561.0279000000000400	0.0000115967723104
1561.0407999999999900	0.0000116539849842
1561.0539000000001100	0.0000118166863103
1561.0650000000000500	0.0000119275373436
1561.0755000000001500	0.0000120169333968
1561.0887000000000200	0.0000121903631225
1561.1014000000000100	0.0000122690307762
1561.1096999999999700	0.0000121921493701
1561.1159000000000100	0.0000123637910292
1561.1249000000000200	0.0000124800062622
1561.1384000000000400	0.0000125425831357
1561.1506000000001700	0.0000125729784486
1561.1598000000001300	0.0000127392540890
1561.1702000000000200	0.0000127714374685
1561.1825000000001200	0.0000126605864352
1561.1932000000001600	0.0000126444938360
1561.2006999999998700	0.0000128661977215
1561.2069000000001300	0.0000129269865283
1561.2176000000001700	0.0000126695249492
1561.2312000000001700	0.0000126123122755
1561.2421999999999100	0.0000129126819957
1561.2522999999998800	0.0000128840765683
1561.2637999999999400	0.0000128858646349
1561.2761000000000400	0.0000126373433886
1561.2855000000001800	0.0000128644096549
1561.2918999999999400	0.0000128214996948
1561.2988000000000300	0.0000129269865283
1561.3103000000001000	0.0000126105242089
1561.3217000000001900	0.0000127034963953
1561.3309000000001500	0.0000128429546749
1561.3398000000001900	0.0000126856175484
1561.3511000000000900	0.0000127875282487
1561.3618000000001300	0.0000126301911223
1561.3699000000001400	0.0000127893163153
1561.3758000000000200	0.0000125175520225
1561.3846000000000900	0.0000127946805151
1561.3974000000000600	0.0000126319791889
1561.4091000000000800	0.0000126784652821
1561.4184999999999900	0.0000126141003420
1561.4289000000001100	0.0000123745176097
1561.4414999999999000	0.0000125997958094
1561.4526000000000700	0.0000126963441289
1561.4595999999999100	0.0000125837050291
1561.4656000000002200	0.0000123995487229
1561.4759999999998800	0.0000127267394419
1561.4895000000001300	0.0000127499824885
1561.5008000000002500	0.0000126248269225
1561.5104000000001200	0.0000129502295749
1561.5218999999999600	0.0000129681084218
1561.5341000000000800	0.0000129573818413
1561.5438000000001400	0.0000129770487547
1561.5510000000001600	0.0000133686025947
1561.5583000000001400	0.0000131290216814
1561.5702000000001100	0.0000133668145281
1561.5822000000000600	0.0000132595396281
1561.5921000000000700	0.0000136814887810
1561.6026000000001600	0.0000137118840939
1561.6152999999999300	0.0000133542998810
1561.6263000000001300	0.0000133221165015
1561.6345999999998600	0.0000136421549541
1561.6411000000000500	0.0000137190363603
1561.6494999999999900	0.0000135760019475
1561.6616000000001300	0.0000133310568344
1561.6723000000001800	0.0000134347556013
1561.6815999999998900	0.0000135366681207
1561.6918000000000600	0.0000135152131406
1561.7034000000001000	0.0000134401198011
1561.7137999999999900	0.0000132523873617
1561.7217000000000500	0.0000133364210342
1561.7279000000000900	0.0000134901820275
1561.7376999999999000	0.0000134258170874
1561.7505000000001000	0.0000133453595481
1561.7617999999999900	0.0000132684799610
1561.7717000000000100	0.0000133542998810
1561.7828999999999200	0.0000132255700009
1561.7944999999999700	0.0000132130535349
1561.8038999999998800	0.0000132595396281
1561.8108999999999400	0.0000132059012685
1561.8177000000000600	0.0000131594169943
1561.8288000000000000	0.0000130539283418
1561.8410000000001200	0.0000130163825816
1561.8519000000001100	0.0000130682328745
1561.8616999999999300	0.0000130539283418
1561.8735000000001500	0.0000128429546749
1561.8842999999999400	0.0000128983792820
1561.8930000000000300	0.0000129341387947
1561.8995000000002100	0.0000128465289890
1561.9075000000000300	0.0000127213752421
1561.9194999999999700	0.0000127982566482
1561.9312000000002200	0.0000128590454551
1561.9404999999999300	0.0000128733481688
1561.9509000000000400	0.0000127535586216
1561.9628000000000100	0.0000129949276015
1561.9734000000000800	0.0000128375904751
1561.9812999999999200	0.0000128912270156
1561.9880000000000500	0.0000128179235617
1561.9975999999999200	0.0000132398727146
1562.0091999999999600	0.0000129841992020
1562.0194000000001300	0.0000130396256282
1562.0288000000000400	0.0000130038661155
1562.0399000000002100	0.0000133006615215
1562.0513000000000800	0.0000133239045681
1562.0606000000000200	0.0000131683555082
1562.0677000000000600	0.0000130700209411
1562.0749000000000700	0.0000132881468744
1562.0859000000000400	0.0000134043621074
1562.0983000000001100	0.0000131469005282
1562.1090000000001500	0.0000130521402752
1562.1190000000001400	0.0000132237819344
1562.1303000000000300	0.0000132505992951
1562.1420000000000500	0.0000132273580675
1562.1515000000001700	0.0000130306852952
1562.1583000000000500	0.0000131701435748
1562.1659999999999400	0.0000131576289277
1562.1781000000000800	0.0000130485641421
1562.1906999999998800	0.0000130235348479
1562.2019000000000200	0.0000130789594550
1562.2129999999999600	0.0000128733481688
1562.2251000000001100	0.0000128572573885
1562.2359000000001300	0.0000129055315483
1562.2445000000000100	0.0000127678613353
1562.2509999999999700	0.0000127142229758
1562.2596000000000900	0.0000128125593619
1562.2714000000000800	0.0000127642852021
1562.2826000000000000	0.0000126069480757
1562.2919000000001700	0.0000125193400891
1562.3022000000000800	0.0000126230388560
1562.3134000000000000	0.0000126355553220
1562.3233000000000200	0.0000124996731756
1562.3307999999999500	0.0000124442467495
1562.3369000000000100	0.0000124746420624
1562.3466000000000800	0.0000126123122755
1562.3587000000000000	0.0000124549751490
1562.3689000000001600	0.0000123995487229
1562.3773000000001000	0.0000124549751490
1562.3883000000000700	0.0000125568858493
1562.3999000000001100	0.0000124513990158
1562.4088999999999000	0.0000125497354020
1562.4157000000000100	0.0000125819169625
1562.4223999999999200	0.0000125443712022
1562.4338000000000200	0.0000125282804220
1562.4457999999999600	0.0000126409195218
1562.4557000000002000	0.0000127410421555
1562.4655999999999900	0.0000125139758893
1562.4773999999999900	0.0000124513990158
1562.4889000000000600	0.0000126677368826
1562.4975000000001700	0.0000127911043819
1562.5043000000000600	0.0000125050373754
1562.5126999999999900	0.0000124335201690
1562.5251000000000600	0.0000126909799292
1562.5376000000001100	0.0000127607090690
1562.5479000000000200	0.0000124889447761
1562.5582999999999200	0.0000123888221424
1562.5701999999998800	0.0000126176764752
1562.5809999999999000	0.0000126516461023
1562.5891000000001400	0.0000124925209093
1562.5951999999999800	0.0000123441241158
1562.6042999999999600	0.0000125264923554
1562.6168999999999800	0.0000125461592688
1562.6278000000002000	0.0000125443712022
1562.6372000000001200	0.0000124746420624
1562.6482000000000900	0.0000124996731756
1562.6599000000001000	0.0000124871567095
1562.6693000000000200	0.0000124978851090
1562.6765000000000300	0.0000125264923554
1562.6834999999998700	0.0000125050373754
1562.6940000000001900	0.0000124817943288
1562.7055000000000300	0.0000124210037029
1562.7154000000000400	0.0000124943089759
1562.7251000000001100	0.0000125229162222
1562.7366999999999300	0.0000124585512822
1562.7473000000002200	0.0000124192156363
1562.7555999999999600	0.0000125300666696
1562.7626999999999900	0.0000124782181956
1562.7700999999999500	0.0000124210037029
1562.7814000000000700	0.0000124674897961
1562.7931000000000900	0.0000126248269225
1562.8033000000000300	0.0000125658261823
1562.8139000000001000	0.0000125997958094
1562.8255999999998900	0.0000126677368826
1562.8369000000000100	0.0000126999202621
1562.8451999999999800	0.0000127070725284
1562.8516999999999400	0.0000127392540890
1562.8604000000000200	0.0000130253210955
1562.8732999999999700	0.0000127857401822
1562.8846000000000900	0.0000128822885017
1562.8945000000001100	0.0000127875282487
1562.9057000000000200	0.0000131629913085
1562.9175000000000200	0.0000130414136947
1562.9270999999998800	0.0000128232859424
1562.9341000000001700	0.0000127535586216
1562.9405999999999000	0.0000130646567413
1562.9498000000000900	0.0000130128064484
1562.9621999999999400	0.0000127213752421
1562.9728000000002300	0.0000126677368826
1562.9827000000000200	0.0000129234103952
1562.9937000000002200	0.0000129001673486
1563.0049000000001300	0.0000128626215883
1563.0144000000000200	0.0000126087361423
1563.0219000000001900	0.0000127267394419
1563.0289000000000200	0.0000129180461954
1563.0402000000001400	0.0000129538057081
1563.0526000000002100	0.0000127696494019
1563.0628000000001500	0.0000128250740090
1563.0721000000000900	0.0000130360494950
1563.0836000000001600	0.0000130181706481
1563.0949000000000500	0.0000132345085149
1563.1040000000000400	0.0000131790839077
1563.1104000000002500	0.0000131915985548
1563.1179999999999400	0.0000132023269543
1563.1297999999999300	0.0000133703906613
1563.1416000000001500	0.0000134276051540
1563.1518000000000900	0.0000134311794682
1563.1625999999998800	0.0000133829071274
1563.1747000000000300	0.0000133596640808
1563.1857000000002200	0.0000133846951940
1563.1941000000001600	0.0000134222409542
1563.2008000000000700	0.0000134454840008
1563.2101000000002400	0.0000133793309942
1563.2231000000001600	0.0000133203284349
1563.2350000000001300	0.0000133739667945
1563.2458000000001400	0.0000134597867145
1563.2570000000000600	0.0000134848178277
1563.2680000000000300	0.0000134723031806
1563.2778000000000700	0.0000136475191539
1563.2854999999999500	0.0000135581231007
1563.2916999999999900	0.0000136761264002
1563.3018000000001800	0.0000137512179208
1563.3137999999999000	0.0000140766205732
1563.3239000000000900	0.0000140784086398
1563.3330000000000800	0.0000140551655932
1563.3437000000001200	0.0000141105902003
1563.3550000000000200	0.0000145075100590
1563.3641000000002300	0.0000146219372255
1563.3709999999998700	0.0000142822318594
1563.3784000000000500	0.0000143287179526
1563.3901000000000700	0.0000146201491589
1563.4018000000000900	0.0000147703340190
1563.4113999999999600	0.0000145790272654
1563.4210000000000500	0.0000143108372868
1563.4325000000001200	0.0000145307531056
1563.4430999999999600	0.0000146290876728
1563.4511999999999700	0.0000146398160723
1563.4573000000000300	0.0000143644756463
1563.4656999999999700	0.0000144502955663
1563.4775999999999400	0.0000145897538459
1563.4890000000000300	0.0000144717505464
1563.4989000000000500	0.0000145915419125
1563.5103999999998900	0.0000144842670124
1563.5227999999999600	0.0000147059690789
1563.5329999999999000	0.0000146344518726
1563.5406000000000400	0.0000147488790390
1563.5476000000001000	0.0000147613955050
1563.5584000000001200	0.0000149330353452
1563.5718000000001600	0.0000149133684317
1563.5833000000002300	0.0000150260075316
1563.5930000000000700	0.0000151368585648
1563.6043999999999400	0.0000151797685248
1563.6159999999999800	0.0000151422227646
1563.6253999999999000	0.0000152584361786
1563.6320000000000600	0.0000151904951053
1563.6388999999999200	0.0000151100393850
1563.6506000000001700	0.0000151100393850
1563.6629000000000300	0.0000151833446580
1563.6730000000000000	0.0000151475851453
1563.6834000000001200	0.0000150599771587
1563.6946000000000300	0.0000150850082719
1563.7054000000000500	0.0000151887088577
1563.7142000000001200	0.0000151565254782
1563.7210999999999800	0.0000150081286847
1563.7300999999999900	0.0000152280426846
1563.7417000000000400	0.0000151440108311
1563.7528999999999500	0.0000151493732119
1563.7622000000001200	0.0000151189797180
1563.7719999999999300	0.0000156946898642
1563.7831000000001000	0.0000154568970174
1563.7926999999999700	0.0000153335295181
1563.7999999999999500	0.0000153496202984
1563.8064000000001600	0.0000160397594300
1563.8161999999999800	0.0000160343952302
1563.8287000000000200	0.0000156213845912
1563.8396999999999900	0.0000156321129907
1563.8494000000000600	0.0000162024607562
1563.8609999999998700	0.0000161827920238
1563.8737000000001000	0.0000157948143169
1563.8835000000001400	0.0000156696587510
1563.8902000000000500	0.0000160808813234
1563.8976000000000100	0.0000158931488841
1563.9099000000001000	0.0000158502389240
1563.9228000000000500	0.0000155212619575
1563.9329000000000200	0.0000157644190040
1563.9421999999999600	0.0000155838388309
1563.9539999999999500	0.0000156249607244
1563.9651000000001200	0.0000154568970174
1563.9731999999999000	0.0000156374771905
1563.9789000000000600	0.0000155391408043
1563.9879000000000800	0.0000155820507644
1564.0003999999999000	0.0000156696587510
1564.0121000000001400	0.0000155802626978
1564.0216000000000300	0.0000157054182637
1564.0326000000000000	0.0000157429640240
1564.0443999999999900	0.0000159432111104
1564.0550000000000600	0.0000157000540639
1564.0630000000001000	0.0000159539395099
1564.0705000000000400	0.0000161345196830
1564.0816000000002100	0.0000160200925166
1564.0942999999999700	0.0000159771825565
1564.1047000000000900	0.0000161005482369
1564.1142999999999600	0.0000164152224897
1564.1257000000000500	0.0000162042488228
1564.1364000000000900	0.0000160808813234
1564.1449000000000000	0.0000161452462635
1564.1518000000000900	0.0000162757642101
1564.1598000000001300	0.0000163919794431
1564.1714999999999200	0.0000158716939040
1564.1838999999999900	0.0000158573911904
1564.1946000000000300	0.0000156231726578
1564.2054000000000500	0.0000162704018294
1564.2176000000001700	0.0000158019647643
1564.2288000000000900	0.0000156839632837
1564.2369000000001000	0.0000156356891239
1564.2437999999999600	0.0000161380939971
1564.2538000000001800	0.0000160504860105
1564.2671000000000300	0.0000155391408043
1564.2783999999999200	0.0000158699058375
1564.2890000000002100	0.0000161970965564
1564.3002000000001300	0.0000158645434567
1564.3113000000000700	0.0000159950614034
1564.3202999999998600	0.0000159003011504
1564.3269000000000200	0.0000158788461704
1564.3336000000001600	0.0000158699058375
1564.3442999999999700	0.0000159306964633
1564.3562000000001700	0.0000156035057444
1564.3666000000000600	0.0000155534435180
1564.3758000000000200	0.0000157179329108
1564.3869000000001900	0.0000157393878908
1564.3978999999999300	0.0000154318659042
1564.4068999999999500	0.0000154318659042
1564.4135000000001100	0.0000157519043569
1564.4219000000000500	0.0000158877865033
1564.4340999999999400	0.0000155445050041
1564.4453000000000900	0.0000152512857312
1564.4550000000001500	0.0000157161448442
1564.4650000000001400	0.0000159378469107
1564.4756999999999600	0.0000158716939040
1564.4853000000000500	0.0000157429640240
1564.4930999999999100	0.0000156267487910
1564.4996000000001000	0.0000157644190040
1564.5099999999999900	0.0000162292781170
1564.5228000000001900	0.0000159539395099
1564.5345999999999500	0.0000158162692969
1564.5450000000000700	0.0000160719409905
1564.5574000000001400	0.0000163955555763
1564.5697000000000100	0.0000161899442901
1564.5790999999999200	0.0000162632495631
1564.5862000000001900	0.0000163651602634
1564.5940000000000500	0.0000164009197761
1564.6065000000000900	0.0000163973436429
1564.6197000000001900	0.0000160683666763
1564.6304000000000100	0.0000161112766364
1564.6401000000000700	0.0000160594263434
1564.6512999999999900	0.0000162668256962
1564.6622000000002100	0.0000159163919307
1564.6710000000000500	0.0000156446276378
1564.6770999999998800	0.0000157465401571
1564.6855000000000500	0.0000160254548973
1564.6982000000000400	0.0000160200925166
1564.7107000000000900	0.0000156482037710
1564.7210000000000000	0.0000154962308443
1564.7317000000000400	0.0000156589321705
1564.7429999999999400	0.0000159449991770
1564.7529000000001800	0.0000159449991770
1564.7605000000000900	0.0000156178102770
1564.7672999999999800	0.0000154479566845
1564.7777000000000900	0.0000157572667376
1564.7894000000001100	0.0000157501162903
1564.7989000000000000	0.0000157787217177
1564.8079999999999900	0.0000154908666445
1564.8188999999999800	0.0000153818036779
1564.8295000000000500	0.0000155892030307
1564.8378999999999900	0.0000153406817844
1564.8446999999998700	0.0000154515328177
1564.8522000000000400	0.0000150617652253
1564.8640000000000300	0.0000153138626047
1564.8760999999999500	0.0000151386466314
1564.8864000000000900	0.0000151046751853
1564.8976999999999800	0.0000151314943651
1564.9098999999998800	0.0000149473380588
1564.9202000000000200	0.0000149509141920
1564.9281000000000800	0.0000154157733050
1564.9346000000000400	0.0000150921605382
1564.9438999999999800	0.0000151350704982
1564.9562000000000800	0.0000151779804582
1564.9679000000001000	0.0000156231726578
1564.9777000000001400	0.0000154694116645
1564.9888000000000800	0.0000155605957843
1564.9999000000000200	0.0000155516554514
1565.0093000000001600	0.0000157626309374
1565.0167000000001300	0.0000160004256031
1565.0236999999999600	0.0000157393878908
1565.0345999999999500	0.0000158788461704
1565.0473000000001800	0.0000160558502103
1565.0586000000000700	0.0000163919794431
1565.0683000000001300	0.0000161899442901
1565.0800000000001500	0.0000161988846230
1565.0919000000001200	0.0000163258264365
1565.1012000000000600	0.0000166154695762
1565.1076000000000500	0.0000164366774698
1565.1150999999999800	0.0000162847045431
1565.1275000000000500	0.0000163294025697
1565.1401000000000700	0.0000166422887560
1565.1497000000001600	0.0000165117708093
1565.1590000000001000	0.0000161148509505
1565.1703000000002200	0.0000161935204233
1565.1816000000001100	0.0000164438297361
1565.1899000000000800	0.0000163204622368
1565.1959999999999100	0.0000160969721037
1565.2048000000002000	0.0000158931488841
1565.2173000000002500	0.0000162167634699
1565.2288000000000900	0.0000161041243700
1565.2389000000000600	0.0000160469098773
1565.2501999999999500	0.0000157501162903
1565.2620999999999200	0.0000159807568707
1565.2721000000001300	0.0000160254548973
1565.2798000000000200	0.0000159879091370
1565.2868000000000800	0.0000160272429639
1565.2978000000000500	0.0000159807568707
1565.3108999999999400	0.0000159789706231
1565.3219000000001400	0.0000158806342370
1565.3311000000001000	0.0000158091170306
1565.3424999999999700	0.0000158556031238
1565.3536000000001400	0.0000159700302902
1565.3621000000000500	0.0000159682422236
1565.3684000000000600	0.0000158359362104
1565.3757000000000500	0.0000159128157975
1565.3871000000001400	0.0000159181799972
1565.3992000000000600	0.0000161327316164
1565.4092000000000500	0.0000159736064234
1565.4193000000000200	0.0000162221276696
1565.4302000000002400	0.0000161970965564
1565.4404999999999300	0.0000161863681569
1565.4485999999999400	0.0000162757642101
1565.4553000000000800	0.0000162829164765
1565.4638999999999600	0.0000168175047293
1565.4754000000000300	0.0000164152224897
1565.4868000000001300	0.0000165671954164
1565.4963999999999900	0.0000165385899891
1565.5064999999999600	0.0000172126365214
1565.5172999999999800	0.0000172913041752
1565.5270000000000400	0.0000168532642419
1565.5350000000000800	0.0000168657788890
1565.5418999999999400	0.0000175487657543
1565.5517999999999600	0.0000176184948941
1565.5649000000000800	0.0000172930922417
1565.5770000000000000	0.0000173288517544
1565.5874000000001100	0.0000176113426278
1565.5987999999999800	0.0000177025267476
1565.6111000000000800	0.0000175416134880
1565.6206999999999400	0.0000172734253283
1565.6277000000000000	0.0000174718843482
1565.6349000000000100	0.0000174987035280
1565.6466000000000300	0.0000175004915945
1565.6592000000000500	0.0000170445709955
1565.6700000000000700	0.0000171446954482
1565.6798000000001100	0.0000172108484549
1565.6908000000000800	0.0000170749663084
1565.7015999999998700	0.0000170660259755
1565.7102999999999600	0.0000169837821886
1565.7167000000001700	0.0000170624498423
1565.7252000000000800	0.0000169051127159
1565.7378000000001000	0.0000171589981619
1565.7497000000000700	0.0000171143001353
1565.7594999999998900	0.0000171804531419
1565.7695999999998500	0.0000169569630089
1565.7810999999999200	0.0000171017854882
1565.7909000000001900	0.0000174093074747
1565.7982000000001800	0.0000174379147211
1565.8045000000001900	0.0000172412437678
1565.8144999999999500	0.0000173324260686
1565.8266000000001000	0.0000175147943082
1565.8368000000000400	0.0000175541299541
1565.8453000000001800	0.0000175809473149
1565.8562999999999200	0.0000176614048542
1565.8674000000000900	0.0000175827353814
1565.8767000000000300	0.0000175773730007
1565.8833999999999400	0.0000177257697942
1565.8907999999999000	0.0000177901347342
1565.9026999999998700	0.0000177686797542
1565.9150000000001900	0.0000180869301403
1565.9252000000001300	0.0000183086322068
1565.9367999999999500	0.0000180690512934
1565.9490000000000700	0.0000180744154932
1565.9597000000001100	0.0000184194832400
1565.9677000000001500	0.0000188503727259
1565.9742000000001100	0.0000185464268725
1565.9834000000000700	0.0000183569063665
1565.9956999999999400	0.0000185267599591
1566.0070000000000600	0.0000191221406567
1566.0170000000000500	0.0000190631362784
1566.0275000000001400	0.0000185678818525
1566.0394000000001100	0.0000185446388059
1566.0496000000000500	0.0000191078361240
1566.0568000000000600	0.0000190756545635
1566.0629999999998700	0.0000185625176528
1566.0737999999998900	0.0000184051805263
1566.0861000000002100	0.0000187842197192
1566.0962000000001800	0.0000184999407793
1566.1053000000001700	0.0000184409382200
1566.1165000000000900	0.0000179170783667
1566.1275000000000500	0.0000181548712135
1566.1358000000000200	0.0000180261413334
1566.1426000000001300	0.0000178974096343
1566.1503999999999900	0.0000175880995812
1566.1625000000001300	0.0000177811962203
1566.1743000000001300	0.0000176631929207
1566.1843000000001200	0.0000173967928276
1566.1943999999998600	0.0000176310095412
1566.2056000000002300	0.0000175612804014
1566.2159999999998900	0.0000176524645212
1566.2246000000000100	0.0000175541299541
1566.2308000000000400	0.0000177061028808
1566.2398000000000600	0.0000178670161404
1566.2523000000001000	0.0000181369923666
1566.2644000000000200	0.0000180779898074
1566.2740000000001100	0.0000181244759005
1566.2858000000001100	0.0000183032680070
1566.2974999999999000	0.0000184534546861
1566.3079000000000200	0.0000185500011867
1566.3155999999999000	0.0000186680044862
1566.3223000000000400	0.0000187234309124
1566.3328000000001300	0.0000188557369256
1566.3455999999998700	0.0000189594393305
1566.3566000000000700	0.0000190130740521
1566.3663000000001400	0.0000191775652638
1566.3776000000000300	0.0000193670857698
1566.3885000000000200	0.0000192222614714
1566.3970000000001600	0.0000191596845980
1566.4033999999999200	0.0000191275030375
1566.4106999999999000	0.0000194743588509
1566.4225999999998700	0.0000195977263502
1566.4347999999999900	0.0000191275030375
1566.4444000000000800	0.0000189987731574
1566.4541000000001500	0.0000193545674847
1566.4650999999998900	0.0000195172688109
1566.4757999999999300	0.0000194403910427
1566.4836000000000200	0.0000190470454982
1566.4894999999999100	0.0000191847175302
1566.4989000000000500	0.0000193474188563
1566.5119000000001900	0.0000193241758097
1566.5227000000002100	0.0000189022230188
1566.5312000000001200	0.0000190291684703
1566.5415000000000400	0.0000191918697965
1566.5534999999999800	0.0000187717050721
1566.5625999999999700	0.0000188038866327
1566.5695000000000600	0.0000188056746993
1566.5765000000001200	0.0000188128269656
1566.5879000000002200	0.0000185446388059
1566.6005999999999800	0.0000186930355994
1566.6117999999999000	0.0000183694228326
1566.6222000000000200	0.0000185947010323
1566.6348000000000400	0.0000186268825928
1566.6462000000001300	0.0000183837255463
1566.6549000000000000	0.0000183801494131
1566.6615000000001600	0.0000186018514796
1566.6700000000000700	0.0000186447614396
1566.6828000000000400	0.0000186429733731
1566.6952000000001100	0.0000186215183930
1566.7057000000002000	0.0000187037639989
1566.7163000000000400	0.0000187216428458
1566.7280000000000600	0.0000191310791706
1566.7381000000000300	0.0000188825561054
1566.7455999999999700	0.0000190559876501
1566.7511999999999200	0.0000190220162040
1566.7607000000000400	0.0000195494540094
1566.7727999999999600	0.0000193813866645
1566.7839999999998800	0.0000193527812371
1566.7925999999999900	0.0000192794759641
1566.8032000000000600	0.0000199141904886
1566.8142000000000300	0.0000198551861104
1566.8233999999999900	0.0000193813866645
1566.8301000000001300	0.0000194833010028
1566.8371000000001900	0.0000199660389626
1566.8484000000000800	0.0000200143113034
1566.8609000000001300	0.0000195762695512
1566.8711000000000700	0.0000194582680706
1566.8801999999998300	0.0000198265806830
1566.8913000000000000	0.0000199821297429
1566.9022000000002200	0.0000195869979507
1566.9109000000000800	0.0000194278727577
1566.9169000000001700	0.0000197550652956
1566.9254000000000800	0.0000198927336896
1566.9381000000000700	0.0000198623383767
1566.9501000000000200	0.0000196889086510
1566.9600000000000300	0.0000196960609173
1566.9710999999999800	0.0000197371846298
1566.9828999999999700	0.0000197711560759
1566.9933000000000900	0.0000197604276764
1567.0003999999999000	0.0000198033376364
1567.0068000000001100	0.0000196406363102
1567.0176000000001300	0.0000195119064301
1567.0313000000001000	0.0000196996370505
1567.0428999999999200	0.0000195959401026
1567.0533000000000300	0.0000193670857698
1567.0651000000000300	0.0000194171479961
1567.0770000000000000	0.0000195762695512
1567.0857999999998300	0.0000193527812371
1567.0921000000000700	0.0000193098712771
1567.0994000000000600	0.0000194153581106
1567.1111000000000800	0.0000193134474102
1567.1231000000002500	0.0000192884144781
1567.1325000000001600	0.0000194904496311
1567.1416000000001500	0.0000193331143237
1567.1530000000000200	0.0000194082058442
1567.1644000000001100	0.0000194064195966
1567.1720000000000200	0.0000197103654500
1567.1780999999998600	0.0000196388500626
1567.1875000000000000	0.0000196209693968
1567.2006000000001200	0.0000196209693968
1567.2115999999998600	0.0000197854569706
1567.2200000000000300	0.0000201072834898
1567.2301999999999700	0.0000199106143555
1567.2420999999999300	0.0000200071590370
1567.2522000000001300	0.0000201001312234
1567.2591999999999600	0.0000204755961022
1567.2654000000000000	0.0000202807132155
1567.2762000000000200	0.0000201948932954
1567.2894000000001100	0.0000205042015295
1567.2997000000000300	0.0000209940953937
1567.3100999999999200	0.0000208260280488
1567.3219999999998900	0.0000206347212952
1567.3331000000000600	0.0000209064855881
1567.3416000000002000	0.0000211925544136
1567.3479000000002100	0.0000210370053537
1567.3559000000002500	0.0000206812073884
1567.3677000000000100	0.0000209350910154
1567.3795000000000100	0.0000212640698010
1567.3899000000001200	0.0000209851532418
1567.4007999999998900	0.0000205220821954
1567.4138000000000400	0.0000208886049222
1567.4238000000000300	0.0000208707278944
1567.4309000000000600	0.0000207098128158
1567.4374000000000200	0.0000205721444217
1567.4474999999999900	0.0000205345968425
1567.4601999999999800	0.0000203629570024
1567.4703999999999200	0.0000202771370823
1567.4797000000000900	0.0000204148054763
1567.4906000000000800	0.0000202538940357
1567.5023000000001000	0.0000201448310690
1567.5118999999999700	0.0000199964342755
1567.5190999999999800	0.0000201627080969
1567.5257000000001400	0.0000202431656362
1567.5371999999999800	0.0000201251641556
1567.5496000000000500	0.0000200590111490
1567.5595000000000700	0.0000201734364964
1567.5682000000001600	0.0000203307754418
1567.5803000000000800	0.0000202664086828
1567.5915999999999700	0.0000203575946216
1567.6000999999998800	0.0000202789233299
1567.6065000000000900	0.0000204130192287
1567.6148000000000600	0.0000204201714951
1567.6277999999999800	0.0000206311451620
1567.6397999999999200	0.0000207741795748
1567.6497000000001600	0.0000205935975828
1567.6601000000000500	0.0000206096920010
1567.6731999999999500	0.0000209583340620
1567.6843000000001200	0.0000211800361285
1567.6917000000000800	0.0000208313940675
1567.6980000000000900	0.0000207777557080
1567.7089000000000800	0.0000210834914469
1567.7222000000001600	0.0000215537147596
1567.7335000000000500	0.0000212569175346
1567.7434000000000600	0.0000209851532418
1567.7547999999999300	0.0000211961305467
1567.7665000000001800	0.0000218004461203
1567.7753000000000100	0.0000217128399527
1567.7818999999999500	0.0000211407023016
1567.7887000000000600	0.0000211836122617
1567.7999000000002100	0.0000218487220991
1567.8121000000001000	0.0000218719651457
1567.8216999999999600	0.0000212444028875
1567.8311000000001000	0.0000210888538277
1567.8422000000000500	0.0000218755412789
1567.8533999999999600	0.0000215626532736
1567.8617999999999000	0.0000213087696466
1567.8679999999999400	0.0000209923055081
1567.8769999999999500	0.0000214500141738
1567.8891000000001000	0.0000210173384403
1567.9003999999999900	0.0000211442784348
1567.9093000000000300	0.0000207509365282
1567.9192000000000400	0.0000208242418012
1567.9307999999998600	0.0000205113537959
1567.9410000000000300	0.0000206776312552
1567.9482000000000400	0.0000206222066481
1567.9544000000000800	0.0000205256583286
1567.9651000000001200	0.0000202717747015
1567.9781000000000400	0.0000203271993087
1567.9896000000001100	0.0000205006253964
1567.9990000000000200	0.0000204273237614
1568.0104000000001200	0.0000203665331355
1568.0227999999999600	0.0000204469906748
1568.0331000000001000	0.0000205220821954
1568.0400000000001900	0.0000206812073884
1568.0480000000002300	0.0000207348457479
1568.0609000000001700	0.0000209172139876
1568.0750000000000400	0.0000208814562939
1568.0863000000001600	0.0000210173384403
1568.0966000000000800	0.0000210709731618
1568.1090000000001500	0.0000212819504668
1568.1199000000001400	0.0000214196188608
1568.1277000000000000	0.0000211371261685
1568.1335999999998900	0.0000211460683204
1568.1430000000000300	0.0000212998274947
1568.1556000000000500	0.0000215072286665
1568.1672000000000900	0.0000214821957343
1568.1765000000000300	0.0000210763391806
1568.1873000000000500	0.0000212086451938
1568.1989000000000900	0.0000214875617530
1568.2092000000000100	0.0000216913831537
1568.2156999999999700	0.0000211550068343
1568.2224000000001000	0.0000212533414015
1568.2334000000000700	0.0000216091393668
1568.2464999999999700	0.0000216395346797
1568.2564000000002100	0.0000214500141738
1568.2654999999999700	0.0000215143809328
1568.2762999999999900	0.0000217754168261
1568.2880000000000100	0.0000218683890125
1568.2966000000001200	0.0000214607425733
1568.3033000000000300	0.0000217003216676
1568.3108000000002000	0.0000217968699872
1568.3226000000001900	0.0000217199885810
1568.3346000000001300	0.0000214124665945
1568.3449000000000500	0.0000216002008528
1568.3555999999998700	0.0000216967455344
1568.3663999999998800	0.0000213248604268
1568.3765000000000800	0.0000215429863601
1568.3841999999999600	0.0000213320126932
1568.3906000000001700	0.0000215411964746
1568.4001000000000600	0.0000211639453482
1568.4133999999999100	0.0000210119724215
1568.4251000000001500	0.0000211818260141
1568.4343999999998700	0.0000212300983549
1568.4454000000000600	0.0000210030339076
1568.4573000000000300	0.0000211496444535
1568.4660999999998700	0.0000211049446079
1568.4721000000001800	0.0000212283121073
1568.4791000000000100	0.0000211657352338
1568.4913000000001400	0.0000214106803469
1568.5043000000000600	0.0000213016173802
1568.5143000000000500	0.0000214714673348
1568.5235999999999900	0.0000214982865145
1568.5356999999999000	0.0000217038978008
1568.5471000000000000	0.0000217307169805
1568.5554999999999400	0.0000216073494812
1568.5611999999998700	0.0000216216540139
1568.5704000000000600	0.0000219166613533
1568.5833999999999800	0.0000219774519792
1568.5949000000000500	0.0000218058121391
1568.6036999999998900	0.0000218719651457
1568.6141000000000100	0.0000220936672122
1568.6256000000000700	0.0000219989051402
1568.6353999999998900	0.0000217182023334
1568.6422999999999800	0.0000218809036596
1568.6485999999999900	0.0000221401533054
1568.6594999999999800	0.0000221186965064
1568.6728000000000500	0.0000217307169805
1568.6843000000001200	0.0000218576606130
1568.6941000000001600	0.0000221294249059
1568.7057999999999500	0.0000220829388127
1568.7183000000000000	0.0000220686342800
1568.7279000000000900	0.0000219041467062
1568.7342000000001000	0.0000223117931455
1568.7427000000000100	0.0000219452667807
1568.7562000000000300	0.0000224601899390
1568.7690999999999800	0.0000220042711589
1568.7794000000001200	0.0000224065515795
1568.7896000000000600	0.0000220614820137
1568.8005000000000500	0.0000222170310735
1568.8106000000000200	0.0000218737513933
1568.8182999999999100	0.0000222974886128
1568.8241000000000400	0.0000219399043999
1568.8333000000000100	0.0000217253545998
1568.8455999999998700	0.0000220185720536
1568.8562000000001700	0.0000218862660404
1568.8657000000000600	0.0000214982865145
1568.8768999999999800	0.0000216824446397
1568.8879000000001700	0.0000215233194467
1568.8964000000000800	0.0000213624043681
1568.9029000000000400	0.0000214625288208
1568.9109000000000800	0.0000217146262003
1568.9231999999999500	0.0000212712220673
1568.9346000000000400	0.0000213177081605
1568.9434999999998600	0.0000215000764001
1568.9529000000000000	0.0000218719651457
1568.9645000000000400	0.0000221455156861
1568.9747999999999600	0.0000217092638195
1568.9827000000000200	0.0000215125910472
1568.9882000000000000	0.0000218022360059
1568.9973999999999700	0.0000223564893531
1569.0099000000000100	0.0000220704241656
1569.0218999999999600	0.0000222849739657
1569.0326999999999800	0.0000220883011934
1569.0437999999999200	0.0000227641357924
1569.0558000000000900	0.0000229536562983
1569.0663000000001800	0.0000223958231800
1569.0743999999999700	0.0000224154937314
1569.0816000000002100	0.0000230877521972
1569.0929999999998500	0.0000229000179388
1569.1063000000001400	0.0000228857170441
1569.1178000000002100	0.0000224387367780
1569.1277999999999800	0.0000228624739975
1569.1387000000002000	0.0000228302887990
1569.1499000000001100	0.0000229643846978
1569.1586999999999500	0.0000225960720854
1569.1647000000000400	0.0000227712880587
1569.1732000000001800	0.0000228070457524
1569.1858999999999400	0.0000226711636060
1569.1976000000001900	0.0000229822617257
1569.2072000000000600	0.0000228642602451
1569.2183999999999700	0.0000228910794249
1569.2300000000002400	0.0000225513758778
1569.2396000000001100	0.0000226729534916
1569.2468000000001200	0.0000229983561439
1569.2535000000000300	0.0000231092053582
1569.2643000000000500	0.0000226568627113
1569.2764999999999400	0.0000227516211453
1569.2866999999998800	0.0000230734476645
1569.2953999999999700	0.0000229304132517
1569.3058000000000900	0.0000230144469242
1569.3170000000000100	0.0000231270860240
1569.3257000000001000	0.0000228678363783
1569.3316999999999500	0.0000229304132517
1569.3395000000000400	0.0000231145713769
1569.3518999999998800	0.0000230627192650
1569.3638000000000800	0.0000233738173847
1569.3737000000001000	0.0000231360245380
1569.3840000000002400	0.0000229929901252
1569.3958000000000100	0.0000231020530919
1569.4065000000000500	0.0000235508232436
1569.4144000000001100	0.0000232289967244
1569.4207000000001200	0.0000233863356698
1569.4309000000000600	0.0000233523642237
1569.4443000000001100	0.0000234363942582
1569.4556000000000000	0.0000238279499172
1569.4662000000000700	0.0000235275801970
1569.4774000000002100	0.0000234918225033
1569.4880000000000500	0.0000234757317230
1569.4963999999999900	0.0000238333159359
1569.5026000000000300	0.0000241050802288
1569.5103999999998900	0.0000238529828493
1569.5222000000001100	0.0000235847946897
1569.5344000000000000	0.0000236688247242
1569.5442000000000400	0.0000241569287027
1569.5543000000000100	0.0000240281988226
1569.5667000000000800	0.0000240103181568
1569.5773999999999000	0.0000234918225033
1569.5845999999999100	0.0000238815882767
1569.5908999999999200	0.0000237457061303
1569.6011000000000900	0.0000235937332036
1569.6141000000000100	0.0000234489125432
1569.6243999999999200	0.0000232808451983
1569.6334999999999100	0.0000233970604313
1569.6440999999999800	0.0000233255450439
1569.6553999999998700	0.0000235240040638
1569.6644999999998600	0.0000228910794249
1569.6712000000002200	0.0000234006365645
1569.6780999999998600	0.0000231539052038
1569.6902999999999800	0.0000229554461839
1569.7026000000000700	0.0000231914491451
1569.7130000000001900	0.0000233523642237
1569.7229999999999500	0.0000230215991905
1569.7348999999999200	0.0000230752339121
1569.7465999999999400	0.0000234989747696
1569.7549000000001300	0.0000235186416830
1569.7616000000000400	0.0000232593920373
1569.7714000000000800	0.0000237957683566
1569.7851000000000500	0.0000236455816776
1569.7970000000000200	0.0000239978035097
1569.8072999999999400	0.0000238154352701
1569.8179999999999800	0.0000243679023697
1569.8292000000001300	0.0000240371373366
1569.8383999999998600	0.0000243303584284
1569.8448000000000800	0.0000241426241701
1569.8510000000001100	0.0000244984221354
1569.8622000000000300	0.0000243142640102
1569.8745999999998700	0.0000245055744017
1569.8841999999999600	0.0000244984221354
1569.8939000000000300	0.0000245556366281
1569.9051999999999200	0.0000244483599090
1569.9164000000000600	0.0000244626644417
1569.9242000000001500	0.0000243875692831
1569.9301000000000400	0.0000245037845161
1569.9393000000000000	0.0000246271520155
1569.9521000000002000	0.0000246003328357
1569.9632000000001400	0.0000247111856879
1569.9718000000000300	0.0000246986674028
1569.9820000000002000	0.0000246521813096
1569.9936999999999900	0.0000247558818955
1570.0037999999999500	0.0000249418262683
1570.0108000000000200	0.0000247648204095
1570.0169000000000800	0.0000246360905294
1570.0281999999999700	0.0000248917640420
1570.0420000000001400	0.0000249454024015
1570.0535000000002100	0.0000250151315413
1570.0637999999999000	0.0000247540956479
1570.0751999999999900	0.0000249883123615
1570.0869000000002400	0.0000247880634561
1570.0960000000000000	0.0000248720971285
1570.1023000000000100	0.0000247630341619
1570.1101000000001000	0.0000249203731073
1570.1229000000000700	0.0000245270275627
1570.1358999999999900	0.0000245234514296
1570.1455000000000800	0.0000247701864282
1570.1554000000001000	0.0000247219104494
1570.1673000000000700	0.0000244054499490
1570.1781000000000800	0.0000248989163083
1570.1857000000000000	0.0000243625399889
1570.1916000000001100	0.0000247219104494
1570.2027000000000500	0.0000245627852564
1570.2164000000000200	0.0000249471886491
1570.2275999999999400	0.0000246861527557
1570.2376999999999000	0.0000250026168942
1570.2494000000001500	0.0000249811600952
1570.2606000000000700	0.0000249597069342
1570.2693999999999000	0.0000252654390351
1570.2758000000001200	0.0000250455268542
1570.2835000000000000	0.0000252904719673
1570.2954999999999500	0.0000252100144280
1570.3062999999999600	0.0000255300510617
1570.3148000000001000	0.0000253870202869
1570.3248000000000900	0.0000254102633335
1570.3365000000001100	0.0000253584112215
1570.3470999999999500	0.0000255336271948
1570.3543999999999400	0.0000254782025877
1570.3599000000001500	0.0000253727157542
1570.3699000000001400	0.0000251939236477
1570.3835000000001400	0.0000256391176663
1570.3949000000000000	0.0000252582904068
1570.4042999999999200	0.0000249597069342
1570.4155000000000600	0.0000249024924415
1570.4278999999999100	0.0000254192018474
1570.4380000000001000	0.0000254835686064
1570.4445000000000600	0.0000247683965426
1570.4520000000000000	0.0000247254865826
1570.4638999999999600	0.0000252582904068
1570.4767999999999100	0.0000252278950938
1570.4878000000001000	0.0000250276461884
1570.4982999999999700	0.0000248417018156
1570.5090000000000100	0.0000252833197010
1570.5192999999999300	0.0000253029866144
1570.5277000000000900	0.0000255372033280
1570.5337999999999300	0.0000254335063801
1570.5428000000001700	0.0000255425693467
1570.5553999999999600	0.0000256569946941
1570.5671000000002100	0.0000256766616076
1570.5770999999999700	0.0000259537919192
1570.5886000000000400	0.0000260324595729
1570.6006999999999600	0.0000259251828538
1570.6105000000000000	0.0000258322106674
1570.6174000000000900	0.0000258876389125
1570.6244000000001500	0.0000257052706729
1570.6358999999999900	0.0000257928768406
1570.6482000000000900	0.0000259502157860
1570.6578999999999200	0.0000259162443399
1570.6669999999999100	0.0000256409039139
1570.6784999999999800	0.0000257446044998
1570.6893000000000000	0.0000257517567661
1570.6975999999999600	0.0000260163687926
1570.7034000000001000	0.0000257034807873
1570.7121000000001900	0.0000260485503532
1570.7250000000001300	0.0000259359112533
1570.7369000000001000	0.0000259949119936
1570.7462000000000400	0.0000258697582467
1570.7565999999999300	0.0000264454683929
1570.7689000000000300	0.0000266403512796
1570.7800000000002000	0.0000262112516793
1570.7872999999999600	0.0000262237663264
1570.7934000000000200	0.0000266421411652
1570.8045000000001900	0.0000267297473329
1570.8181000000001800	0.0000264830159722
1570.8293000000001000	0.0000264758637059
1570.8391999999998900	0.0000267261711997
1570.8506999999999600	0.0000265026828856
1570.8621000000000500	0.0000262184039457
1570.8707999999999200	0.0000262398571067
1570.8769000000002000	0.0000265920789388
1570.8843999999999100	0.0000264293776127
1570.8962000000001300	0.0000258286345343
1570.9079000000001500	0.0000256605708273
1570.9175999999999900	0.0000261272180069
1570.9279999999998800	0.0000259680928139
1570.9400000000000500	0.0000258143336396
1570.9502999999999700	0.0000254156257142
1570.9574000000002300	0.0000257410283666
1570.9642000000001200	0.0000258518775809
1570.9744000000000600	0.0000258179097727
1570.9862000000000500	0.0000254746264545
1570.9965000000001900	0.0000255407794612
1571.0067000000001400	0.0000259913358605
1571.0177000000001000	0.0000260807319137
1571.0288000000000400	0.0000263077999989
1571.0381999999999600	0.0000256015700870
1571.0456000000001500	0.0000264865921054
1571.0534000000000100	0.0000264865921054
1571.0661000000002300	0.0000261665518337
1571.0792000000001300	0.0000263668007392
1571.0895000000000400	0.0000266260503849
1571.1001000000001100	0.0000262434332399
1571.1123000000000000	0.0000264812260866
1571.1240000000000200	0.0000262827670667
1571.1321000000000300	0.0000264454683929
1571.1386000000002200	0.0000259895496129
1571.1481000000001100	0.0000264258014795
1571.1613000000002100	0.0000259877597273
1571.1730000000000000	0.0000260413980868
1571.1828000000000400	0.0000259555781668
1571.1935000000000800	0.0000263453439402
1571.2049999999999300	0.0000261987370322
1571.2144000000000700	0.0000260700071522
1571.2213999999999000	0.0000263006477326
1571.2280000000000600	0.0000267082941718
1571.2397000000000800	0.0000266242604994
1571.2527999999999800	0.0000265241360466
1571.2635999999999900	0.0000269210577244
1571.2735999999999900	0.0000271749413514
1571.2848999999998800	0.0000269764823315
1571.2954000000002000	0.0000267368995992
1571.3034999999999800	0.0000270462114713
1571.3097999999999900	0.0000271928220172
1571.3184000000001100	0.0000269156917057
1571.3303000000000800	0.0000265044691332
1571.3409999999998900	0.0000266403512796
1571.3502000000000800	0.0000266975657723
1571.3602000000000800	0.0000264132868324
1571.3708999999998900	0.0000259394873865
1571.3802000000000600	0.0000259716689470
1571.3869999999999400	0.0000261111272266
1571.3934000000001500	0.0000258518775809
1571.4043000000001500	0.0000253137150139
1571.4173000000000700	0.0000252314712270
1571.4284999999999800	0.0000254889309872
1571.4378999999999000	0.0000253244434134
1571.4496999999998900	0.0000251796191151
1571.4614000000001400	0.0000250991652138
1571.4704000000001500	0.0000253816542681
1571.4766000000001900	0.0000252475620073
1571.4855000000000000	0.0000254549595411
1571.4986000000001200	0.0000255372033280
1571.5105000000000900	0.0000256784514931
1571.5200999999999500	0.0000256999046542
1571.5308999999999700	0.0000258268482867
1571.5429000000001400	0.0000261701279669
1571.5526999999999600	0.0000260914603132
1571.5597000000000200	0.0000260592787527
1571.5659000000000500	0.0000261540371866
1571.5771999999999500	0.0000265384405793
1571.5900999999998900	0.0000264508344117
1571.6005999999999800	0.0000263381953118
1571.6105999999999700	0.0000264222253463
1571.6225999999999200	0.0000264275913651
1571.6338000000000600	0.0000264293776127
1571.6423999999999500	0.0000264222253463
1571.6485000000000100	0.0000264830159722
1571.6568000000002000	0.0000262148278125
1571.6690000000000900	0.0000261272180069
1571.6801000000002600	0.0000263793153863
1571.6891000000000500	0.0000267798095592
1571.6995999999999200	0.0000263954061666
1571.7116000000000900	0.0000261629757006
1571.7216000000000800	0.0000264973205049
1571.7289000000000600	0.0000267762334261
1571.7352000000000800	0.0000266618080786
1571.7461000000000700	0.0000263006477326
1571.7594999999998900	0.0000264436821453
1571.7705000000000800	0.0000266743227257
1571.7800999999999500	0.0000266045935859
1571.7917999999999600	0.0000263095862465
1571.8036999999999300	0.0000263757392531
1571.8126999999999500	0.0000264132868324
1571.8188999999999800	0.0000263238907792
1571.8269000000000200	0.0000261558270722
1571.8389999999999400	0.0000260950364463
1571.8509000000001400	0.0000259466396528
1571.8607000000001800	0.0000257571191469
1571.8709999999998700	0.0000257517567661
1571.8821000000000300	0.0000255801132880
1571.8915999999999200	0.0000254621118074
1571.8987999999999400	0.0000255050217675
1571.9047000000000500	0.0000254674741882
1571.9147000000000400	0.0000253423204413
1571.9275000000000100	0.0000253298057942
1571.9387000000001500	0.0000253816542681
1571.9476999999999400	0.0000254871411016
1571.9592000000000100	0.0000255997802014
1571.9706999999998500	0.0000255801132880
1571.9800000000000200	0.0000256641469605
1571.9861000000000800	0.0000259090920736
1571.9933000000000900	0.0000260878841800
1572.0052000000000600	0.0000259931257460
1572.0175000000001500	0.0000262559478870
1572.0267999999998600	0.0000262452231254
1572.0363000000002100	0.0000265867165581
1572.0482999999999200	0.0000262184039457
1572.0593000000001200	0.0000268048424914
1572.0675000000001100	0.0000262666762865
1572.0736000000001700	0.0000267208088189
1572.0828999999998800	0.0000262559478870
1572.0960000000000000	0.0000269353586191
1572.1078999999999700	0.0000268388102995
1572.1183000000000900	0.0000259877597273
1572.1298000000001600	0.0000260110027739
1572.1419000000000800	0.0000265026828856
1572.1521999999999900	0.0000263685869868
1572.1594000000000000	0.0000257642714132
1572.1666000000002400	0.0000257410283666
1572.1785999999999600	0.0000260557026195
1572.1918000000000600	0.0000259484259004
1572.2027000000000500	0.0000261665518337
1572.2130999999999400	0.0000256140847341
1572.2246000000000100	0.0000260127926595
1572.2357000000001800	0.0000260324595729
1572.2440000000001400	0.0000260807319137
1572.2501999999999500	0.0000259859734797
1572.2591999999999600	0.0000259287589870
1572.2722000000001100	0.0000264883783530
1572.2834000000000300	0.0000261754939856
1572.2931000000000900	0.0000266081697191
1572.3036999999999300	0.0000261987370322
1572.3148000000001000	0.0000266922033916
1572.3242000000000200	0.0000262774046860
1572.3312000000000800	0.0000263578622253
1572.3378000000000100	0.0000266814749921
1572.3489000000001800	0.0000266475035460
1572.3605999999999700	0.0000262702524196
1572.3699999999998900	0.0000263256770268
1572.3794000000000300	0.0000265008930000
1572.3905999999999500	0.0000265134112851
1572.4006999999999100	0.0000264830159722
1572.4083000000000500	0.0000264597729256
1572.4141000000001900	0.0000264865921054
1572.4227000000000800	0.0000266635943262
1572.4354000000000700	0.0000267869618256
1572.4469000000001400	0.0000269174815912
1572.4566999999999500	0.0000271034259640
1572.4672000000000500	0.0000272214274446
1572.4790000000000400	0.0000274592202913
1572.4891000000000100	0.0000275754355243
1572.4959000000001200	0.0000276040445897
1572.5019999999999500	0.0000278275329038
1572.5137000000002000	0.0000283192130155
1572.5273000000001900	0.0000281261163764
1572.5385000000001100	0.0000281493594230
1572.5483000000001500	0.0000281404209090
1572.5592999999998900	0.0000288931332761
1572.5706000000000100	0.0000286499780486
1572.5799000000001800	0.0000282387554762
1572.5856000000001100	0.0000281225402432
1572.5935000000001700	0.0000289163763227
1572.6068999999999900	0.0000287679795292
1572.6191000000001100	0.0000280027488770
1572.6282000000001000	0.0000279008381767
1572.6389999999998900	0.0000284229099634
1572.6511000000000400	0.0000286374634015
1572.6610000000000600	0.0000280474487226
1572.6675000000000200	0.0000276183454844
1572.6745000000000800	0.0000284121852019
1572.6859000000001700	0.0000285802489088
1572.6977000000001700	0.0000284837005893
1572.7074000000000000	0.0000282083601633
1572.7172000000000500	0.0000286928880087
1572.7284999999999400	0.0000283907284029
1572.7393999999999300	0.0000285498535959
1572.7475000000001700	0.0000286732210952
1572.7536999999999800	0.0000287125549221
1572.7629000000001700	0.0000285355490632
1572.7759000000000900	0.0000285176720354
1572.7878000000000600	0.0000287858601951
1572.7975000000001300	0.0000288269802695
1572.8088999999999900	0.0000286356735160
1572.8212000000000900	0.0000285427013296
1572.8309000000001500	0.0000288394985546
1572.8381000000001700	0.0000288663177344
1572.8445999999999000	0.0000286910981231
1572.8553999999999200	0.0000286928880087
1572.8678999999999600	0.0000288073133561
1572.8779000000001800	0.0000288841947622
1572.8874000000000700	0.0000288895571430
1572.8984000000000400	0.0000291470205411
1572.9089000000001300	0.0000290844436677
1572.9172000000000900	0.0000289932577289
1572.9230000000000000	0.0000293150842481
1572.9312000000002200	0.0000296100915875
1572.9435000000000800	0.0000294652709272
1572.9547999999999800	0.0000296780344797
1572.9646999999999900	0.0000297853075608
1572.9754000000000300	0.0000299927087326
1572.9867000000001500	0.0000299891325994
1572.9969000000000900	0.0000300678002532
1573.0048000000001600	0.0000300999818137
1573.0110999999999400	0.0000303645938402
1573.0217000000000100	0.0000305630528601
1573.0342000000000500	0.0000303574415739
1573.0446999999999200	0.0000303234737657
1573.0542000000000400	0.0000310761897708
1573.0651000000000300	0.0000310833383992
1573.0767000000000700	0.0000307883310597
1573.0858000000000600	0.0000310386421916
1573.0919000000001200	0.0000313336495310
1573.1002000000000800	0.0000312853735522
1573.1134000000001800	0.0000309867900796
1573.1254999999998700	0.0000307615118800
1573.1357000000000400	0.0000308973940264
1573.1469000000001800	0.0000310404284392
1573.1591000000000800	0.0000305415996991
1573.1691000000000700	0.0000302626831399
1573.1762000000001100	0.0000308187263727
1573.1825000000001200	0.0000306649671984
1573.1940999999999300	0.0000303788983729
1573.2065000000000000	0.0000303932029055
1573.2171000000000700	0.0000305809335259
1573.2274000000002100	0.0000303502929455
1573.2396000000001100	0.0000304307468468
1573.2509000000000000	0.0000304522036458
1573.2598000000000400	0.0000303806846205
1573.2662000000000200	0.0000303073829855
1573.2742000000000600	0.0000303145316138
1573.2870000000000300	0.0000304164459521
1573.2982999999999200	0.0000303806846205
1573.3082000000001700	0.0000304522036458
1573.3186000000000600	0.0000304128698190
1573.3302000000001000	0.0000303860506392
1573.3396000000000200	0.0000304253844661
1573.3464999999998800	0.0000305469620798
1573.3526999999999100	0.0000305112043861
1573.3633000000002100	0.0000305237190332
1573.3749000000000200	0.0000305702051264
1573.3849000000000100	0.0000309420938720
1573.3944000000001300	0.0000309385177388
1573.4047000000000500	0.0000307722402795
1573.4154999999998400	0.0000306345718855
1573.4243000000001300	0.0000314409226121
1573.4305000000001600	0.0000315428369504
1573.4384999999999700	0.0000309921560984
1573.4511999999999700	0.0000310851282848
1573.4629000000002200	0.0000317985068250
1573.4728999999999800	0.0000317824160447
1573.4846000000000000	0.0000319290265907
1573.4964000000002200	0.0000316143523378
1573.5062000000000300	0.0000318610873364
1573.5131000000001200	0.0000320309372910
1573.5197000000000600	0.0000323742206092
1573.5316000000000200	0.0000317269914376
1573.5448000000001200	0.0000315893230436
1573.5556000000001400	0.0000324511020153
1573.5655000000001500	0.0000319504833897
1573.5770999999999700	0.0000318449929182
1573.5878000000000100	0.0000315732286253
1573.5965000000001000	0.0000321149709634
1573.6023000000002400	0.0000313694072247
1573.6108000000001500	0.0000316125660902
1573.6231000000000200	0.0000308956077788
1573.6348000000000400	0.0000308026355924
1573.6445000000001100	0.0000306792680931
1573.6557000000000200	0.0000304986897390
1573.6672000000000900	0.0000305702051264
1573.6769000000001600	0.0000302716216538
1573.6839999999999700	0.0000304522036458
1573.6909000000000500	0.0000298854320135
1573.7027000000000500	0.0000298711274809
1573.7146000000000200	0.0000301804393530
1573.7235000000000600	0.0000300803149003
1573.7332999999998700	0.0000296315483865
1573.7454999999999900	0.0000296851831081
1573.7562000000000300	0.0000298210652545
1573.7645000000000000	0.0000299533712678
1573.7705999999998300	0.0000296619400615
1573.7801000000001700	0.0000297406113532
1573.7934000000000200	0.0000297066399071
1573.8053999999999600	0.0000297692167806
1573.8157000000001000	0.0000299104613077
1573.8272999999999200	0.0000300374049402
1573.8393000000000900	0.0000300481333397
1573.8488999999999600	0.0000303431406792
1573.8555000000001200	0.0000305880857923
1573.8626000000001500	0.0000303699598589
1573.8742000000002000	0.0000304647182929
1573.8866000000000400	0.0000308401831717
1573.8971000000001300	0.0000314069548040
1573.9071999999998700	0.0000309438801196
1573.9185999999999700	0.0000306792680931
1573.9290000000000900	0.0000309706992994
1573.9372000000000700	0.0000316894438583
1573.9428000000000300	0.0000314999269904
1573.9523000000001500	0.0000309224269586
1573.9646999999999900	0.0000311477051582
1573.9752000000000800	0.0000315732286253
1573.9841000000001200	0.0000314927747240
1573.9959000000001200	0.0000309277893393
1574.0076000000001400	0.0000307901209453
1574.0165999999999200	0.0000313068303512
1574.0227999999999600	0.0000310940667987
1574.0297000000000500	0.0000303556553263
1574.0416000000000100	0.0000301625586872
1574.0526999999999600	0.0000305827197735
1574.0625999999999700	0.0000300141618936
1574.0733999999999900	0.0000295796962746
1574.0854000000001600	0.0000291505966743
1574.0955000000001300	0.0000295153331535
1574.1035000000001700	0.0000290415337076
1574.1102000000000800	0.0000290808675345
1574.1207999999999200	0.0000285123060166
1574.1338000000000600	0.0000285051573883
1574.1451999999999300	0.0000281010834442
1574.1559999999999500	0.0000279795058304
1574.1687999999999200	0.0000279795058304
1574.1810000000000400	0.0000279312334897
1574.1899000000000800	0.0000276970131381
1574.1962000000000900	0.0000276415885310
1574.2044000000000800	0.0000278489897028
1574.2172000000000500	0.0000278114421235
1574.2291000000000100	0.0000277488652500
1574.2387000000001100	0.0000278042898572
1574.2498000000000500	0.0000279455343843
1574.2618999999999700	0.0000281296925095
1574.2721000000001300	0.0000282012078969
1574.2791000000002000	0.0000283406661765
1574.2853000000002300	0.0000285820351564
1574.2962000000000000	0.0000288502233161
1574.3088999999999900	0.0000292292643280
1574.3187000000000300	0.0000293454795610
1574.3278000000000200	0.0000294116325676
1574.3395000000000400	0.0000297853075608
1574.3506999999999600	0.0000303753222397
1574.3590000000001500	0.0000303842607536
1574.3647000000000800	0.0000298657651001
1574.3729000000000700	0.0000299909188470
1574.3851999999999400	0.0000308795169985
1574.3957000000000300	0.0000309367314912
1574.4039999999999900	0.0000304593559122
1574.4138000000000400	0.0000299944949802
1574.4256000000000300	0.0000309814276989
1574.4357000000000000	0.0000306667534460
1574.4426000000000800	0.0000307221780531
1574.4488000000001200	0.0000300552856061
1574.4601000000000100	0.0000305362336803
1574.4737999999999800	0.0000304200220853
1574.4847999999999500	0.0000303681699734
1574.4949999999998900	0.0000302519547404
1574.5071000000000300	0.0000301482577925
1574.5193000000001600	0.0000303270498989
1574.5280999999999900	0.0000301554064208
1574.5340000000001000	0.0000303198976326
1574.5430000000001200	0.0000300481333397
1574.5560000000000400	0.0000302018925140
1574.5680999999999600	0.0000299676758004
1574.5781000000001700	0.0000301124964608
1574.5889000000001900	0.0000299855564663
1574.6008999999999100	0.0000300016472465
1574.6112000000000500	0.0000299551611533
1574.6179999999999400	0.0000297906735796
1574.6241999999999700	0.0000298961604130
1574.6356000000000700	0.0000299265557260
1574.6481000000001100	0.0000298586128338
1574.6577999999999500	0.0000298925842799
1574.6676000000002200	0.0000298854320135
1574.6793000000000100	0.0000297388214676
1574.6909000000000500	0.0000299158273265
1574.6991000000000400	0.0000301715008391
1574.7051999999998800	0.0000299730381812
1574.7152000000000900	0.0000300374049402
1574.7273999999999900	0.0000300678002532
1574.7380000000000500	0.0000306149049720
1574.7471000000000400	0.0000307150294248
1574.7584999999999100	0.0000305022658722
1574.7708000000000100	0.0000305666289933
1574.7806000000000500	0.0000312442534778
1574.7870000000000300	0.0000314266217174
1574.7942000000000400	0.0000311655858241
1574.8070000000002400	0.0000311369767587
1574.8200000000001600	0.0000320470280712
1574.8302000000001000	0.0000322437008435
1574.8410000000001200	0.0000325977089233
1574.8532999999999900	0.0000316197147185
1574.8640000000000300	0.0000320863655361
1574.8715000000001900	0.0000326996232616
1574.8775000000000500	0.0000324850698235
1574.8876000000000200	0.0000321453662764
1574.9008000000001200	0.0000320094841300
1574.9117000000001100	0.0000325494365825
1574.9210000000000500	0.0000321024563164
1574.9322999999999400	0.0000325834080286
1574.9446000000000300	0.0000318825404975
1574.9538000000000000	0.0000325565888488
1574.9596000000001300	0.0000324046159221
1574.9666000000002000	0.0000324618267769
1574.9786999999998900	0.0000318432066706
1574.9905000000001100	0.0000325047367369
1575.0001000000002000	0.0000325404980686
1575.0103999999998900	0.0000321382140100
1575.0227000000002100	0.0000320202125295
1575.0332000000000800	0.0000322186715493
1575.0406000000000400	0.0000323813728755
1575.0471000000002300	0.0000323134299833
1575.0573999999999100	0.0000321632433042
1575.0704000000000600	0.0000319808750646
1575.0810000000001300	0.0000322866108036
1575.0902000000000900	0.0000322866108036
1575.1019000000001100	0.0000322293963109
1575.1138000000000800	0.0000318324782711
1575.1234000000001700	0.0000321060324495
1575.1298000000001600	0.0000321811239701
1575.1379999999999200	0.0000321131847159
1575.1510000000000700	0.0000318968450301
1575.1640999999999600	0.0000317842059303
1575.1748000000000000	0.0000323080676026
1575.1860999999998900	0.0000321185470966
1575.1982000000000400	0.0000323742206092
1575.2083000000000100	0.0000318575112033
1575.2159999999998900	0.0000325101027556
1575.2229999999999500	0.0000324189168168
1575.2337000000000000	0.0000327747147821
1575.2459999999998700	0.0000327264388034
1575.2572999999999800	0.0000330947514158
1575.2669000000000800	0.0000334433971148
1575.2785000000001200	0.0000336829798471
1575.2901000000001600	0.0000341800223396
1575.2991000000001800	0.0000341031409334
1575.3050000000000600	0.0000344285435858
1575.3133000000000200	0.0000344392683473
1575.3262000000002000	0.0000350149821315
1575.3379999999999600	0.0000350596783392
1575.3467000000000500	0.0000351490743924
1575.3578000000000000	0.0000347271270584
1575.3702000000000700	0.0000347914901795
1575.3801000000000800	0.0000349273723259
1575.3867000000000200	0.0000348594330717
1575.3939000000000300	0.0000343337815139
1575.4047000000000500	0.0000338689242199
1575.4159999999999400	0.0000335596123477
1575.4255000000000500	0.0000334720025421
1575.4351000000001500	0.0000334398209816
1575.4458000000001900	0.0000331090559484
1575.4564000000000300	0.0000327318048221
1575.4651000000001200	0.0000326978333760
1575.4712000000001800	0.0000330393268086
1575.4794999999999100	0.0000332342096954
1575.4917000000000400	0.0000327496818500
1575.5035000000000300	0.0000329016584146
1575.5138999999999200	0.0000330339644279
1575.5251000000000600	0.0000335470977006
1575.5367000000001100	0.0000332574527420
1575.5466000000001200	0.0000338260142598
1575.5534000000000100	0.0000336954944942
1575.5605000000000500	0.0000338313766406
1575.5721000000000900	0.0000338456811733
1575.5851000000000100	0.0000346502456523
1575.5963000000001500	0.0000348433386534
1575.6064000000001200	0.0000345501211996
1575.6181999999998900	0.0000345644257322
1575.6295000000000100	0.0000351061644324
1575.6376999999999900	0.0000352760180249
1575.6437000000000800	0.0000351580165443
1575.6524000000001700	0.0000349220099451
1575.6645000000000900	0.0000353296563844
1575.6748999999999800	0.0000355513584509
1575.6846000000000400	0.0000355495685653
1575.6954000000000600	0.0000352474125975
1575.7071000000000800	0.0000355656593456
1575.7164000000000200	0.0000357623321179
1575.7236000000000300	0.0000357837889169
1575.7308000000000400	0.0000355835400114
1575.7418000000000100	0.0000357927274308
1575.7535000000000300	0.0000359482764907
1575.7630000000001500	0.0000359983387170
1575.7725000000000300	0.0000359715195373
1575.7838000000001500	0.0000360680678568
1575.7943000000000200	0.0000360752201232
1575.8026000000002100	0.0000357980898116
1575.8089000000002200	0.0000363344661309
1575.8178000000000300	0.0000358606666850
1575.8299999999999300	0.0000361664024240
1575.8413000000000400	0.0000353099894710
1575.8511000000000900	0.0000361181300832
1575.8616999999999300	0.0000352438364644
1575.8732999999999700	0.0000359375480912
1575.8832999999999600	0.0000347253371729
1575.8898000000001500	0.0000349917390849
1575.8960000000001800	0.0000353314426320
1575.9072000000001000	0.0000353225041181
1575.9193999999999900	0.0000344285435858
1575.9295999999999300	0.0000341406885127
1575.9394999999999500	0.0000347306995536
1575.9515000000001200	0.0000348737339664
1575.9622000000001600	0.0000344428444805
1575.9702000000002000	0.0000341657178069
1575.9760000000001100	0.0000342926614394
1575.9847999999999500	0.0000344231775671
1575.9969999999998400	0.0000343427236658
1576.0079000000000600	0.0000344517866324
1576.0171000000000300	0.0000345966072928
1576.0275999999998900	0.0000346520318999
1576.0389999999999900	0.0000348701578332
1576.0487000000000500	0.0000349434631062
1576.0553999999999600	0.0000349702822859
1576.0622000000000700	0.0000349953152181
1576.0732000000000400	0.0000352009265043
1576.0847000000001100	0.0000352509850927
1576.0940000000000500	0.0000350811351382
1576.1032000000000100	0.0000349220099451
1576.1143999999999300	0.0000349667061528
1576.1261999999999200	0.0000348147332261
1576.1354000000001200	0.0000348898247466
1576.1413999999999700	0.0000346413035004
1576.1504000000002200	0.0000344839681929
1576.1639000000000100	0.0000342622661265
1576.1759999999999300	0.0000341460508935
1576.1859000000001700	0.0000342676285072
1576.1973000000000400	0.0000341603554261
1576.2101999999999800	0.0000339726211678
1576.2211000000002000	0.0000340620172210
1576.2281000000000400	0.0000342461753462
1576.2349999999999000	0.0000342712046404
1576.2467999999998900	0.0000342962375726
1576.2596000000000900	0.0000344446343661
1576.2701999999999300	0.0000347467939719
1576.2807000000000200	0.0000349720721715
1576.2925999999999900	0.0000349595538864
1576.3042000000000400	0.0000349130677932
1576.3126999999999500	0.0000352742281393
1576.3181999999999300	0.0000353368086508
1576.3265000000001200	0.0000354244148184
1576.3390000000001700	0.0000349077054125
1576.3492999999998600	0.0000350131922460
1576.3578000000000000	0.0000355906922778
1576.3683000000000900	0.0000353064133378
1576.3804000000000100	0.0000344017244061
1576.3903000000000200	0.0000343123283528
1576.3968999999999600	0.0000345143635059
1576.4030999999999900	0.0000344053005392
1576.4136000000000900	0.0000337813144142
1576.4256000000000300	0.0000336257653544
1576.4348999999999700	0.0000334094256687
1576.4431000000001800	0.0000335006116075
1576.4540999999999200	0.0000331305091095
1576.4656999999999700	0.0000331626943080
1576.4745000000000300	0.0000332538766088
1576.4804000000001400	0.0000330697221216
1576.4884000000001800	0.0000331466035277
1576.5010999999999500	0.0000333486386808
1576.5126999999999900	0.0000334916694555
1576.5226999999999800	0.0000337330420734
1576.5334000000000300	0.0000342300845659
1576.5450000000000700	0.0000343391475326
1576.5553000000002100	0.0000341478371411
1576.5633000000002500	0.0000343337815139
1576.5701000000001400	0.0000347879140463
1576.5813000000000500	0.0000348773100995
1576.5944000000001800	0.0000349059191649
1576.6052000000001900	0.0000347843379132
1576.6154000000001300	0.0000350239206455
1576.6276000000000300	0.0000346985179931
1576.6395000000000000	0.0000351919843524
1576.6488000000001600	0.0000348790999851
1576.6547000000000500	0.0000351937742380
1576.6621999999999800	0.0000347199747921
1576.6747000000000300	0.0000348576431861
1576.6867999999999500	0.0000352134411514
1576.6962000000000900	0.0000352456227120
1576.7056999999999800	0.0000350024638465
1576.7179000000001000	0.0000350847112713
1576.7294999999999100	0.0000354548101313
1576.7370000000000800	0.0000355066586053
1576.7426000000000400	0.0000353689902113
1576.7527000000000000	0.0000352760180249
1576.7647000000001700	0.0000354440817318
1576.7747999999999100	0.0000357730605174
1576.7836000000002000	0.0000355424162990
1576.7940000000000900	0.0000354011717718
1576.8055000000001600	0.0000354834155587
1576.8157000000001000	0.0000358070319635
1576.8227000000001700	0.0000355585107172
1576.8297000000000000	0.0000353153518518
1576.8414000000000200	0.0000354780531779
1576.8541000000000100	0.0000356085729436
1576.8644000000001600	0.0000350131922460
1576.8743999999999200	0.0000346413035004
1576.8857000000000400	0.0000347879140463
1576.8969000000001800	0.0000348290377588
1576.9052000000001500	0.0000342783569067
1576.9109000000000800	0.0000342425992130
1576.9198000000001200	0.0000340155311278
1576.9326000000000900	0.0000341156555805
1576.9440999999999300	0.0000341514132742
1576.9541000000001500	0.0000344750296790
1576.9648999999999400	0.0000344249674527
1576.9773999999999900	0.0000345250919054
1576.9876999999999000	0.0000346162742062
1576.9944000000000400	0.0000350882874045
1577.0008000000000200	0.0000351454982592
1577.0124000000000700	0.0000352491988451
1577.0247000000001600	0.0000354941439582
1577.0339999999998800	0.0000359822479368
1577.0430999999998700	0.0000361664024240
1577.0550000000000600	0.0000362504360965
1577.0670999999999800	0.0000363058607036
1577.0760000000000200	0.0000366777494492
1577.0815999999999800	0.0000366956264770
1577.0896999999999900	0.0000367742977687
1577.1024000000002100	0.0000368797846022
1577.1139000000000600	0.0000366026542906
1577.1224999999999400	0.0000365794112440
1577.1322000000000100	0.0000367832362826
1577.1443000000001600	0.0000366723834304
1577.1556000000000500	0.0000364345905837
1577.1636999999998300	0.0000364435327356
1577.1693999999999900	0.0000364310144505
1577.1798000000001100	0.0000365829873772
1577.1935000000000800	0.0000363326798833
1577.2047000000000000	0.0000363827421097
1577.2145000000000400	0.0000362915561709
1577.2256999999999600	0.0000366974163626
1577.2374999999999500	0.0000364989573427
1577.2471000000000400	0.0000365257765225
1577.2536000000000000	0.0000365418673027
1577.2614000000000900	0.0000367331740563
1577.2741000000000900	0.0000368350847566
1577.2864000000001800	0.0000367474785889
1577.2966000000001200	0.0000369173321815
1577.3070000000000100	0.0000368422370229
1577.3188999999999800	0.0000373482180294
1577.3298999999999500	0.0000368476030417
1577.3383000000001200	0.0000372087633878
1577.3437999999998700	0.0000366169588233
1577.3528000000001100	0.0000373196126020
1577.3650999999999800	0.0000364739244105
1577.3758000000000200	0.0000369888475689
1577.3844000000001400	0.0000365204105037
1577.3949999999999800	0.0000362182545359
1577.4072000000001000	0.0000361520978913
1577.4171000000001200	0.0000362951323041
1577.4235000000001000	0.0000364256520697
1577.4298999999998600	0.0000356014206773
1577.4418000000000600	0.0000357033313776
1577.4531999999999200	0.0000356800883310
1577.4617000000000600	0.0000361681923096
1577.4704000000001500	0.0000359554287570
1577.4818000000000200	0.0000357748467650
1577.4929999999999400	0.0000360287340300
1577.5015000000000800	0.0000361467355106
1577.5068000000001100	0.0000363487706636
1577.5157000000001500	0.0000365472296835
1577.5288000000000400	0.0000366688109352
1577.5406000000000400	0.0000368493892893
1577.5503000000001000	0.0000370353336621
1577.5608999999999400	0.0000372337926819
1577.5726999999999400	0.0000373142502212
1577.5833999999999800	0.0000372480972146
1577.5903000000000700	0.0000374018563889
1577.5958000000000500	0.0000374411902158
1577.6071999999999200	0.0000372409449483
1577.6210000000000900	0.0000373321272491
1577.6326000000001400	0.0000376432253688
1577.6419000000000800	0.0000375609815819
1577.6538000000000400	0.0000372194881493
1577.6665000000000400	0.0000373267648683
1577.6765000000000300	0.0000374018563889
1577.6820000000000100	0.0000375645577151
1577.6900000000000500	0.0000371819442080
1577.7039000000002000	0.0000372159120161
1577.7166999999999400	0.0000370228190150
1577.7265000000002100	0.0000372266404156
1577.7366000000001800	0.0000369709669030
1577.7488000000000700	0.0000373035218217
1577.7604000000001200	0.0000372802787751
1577.7682999999999500	0.0000371068490495
1577.7741000000000900	0.0000371676396753
1577.7849000000001000	0.0000374626470148
1577.7978000000000500	0.0000374644332624
1577.8081999999999400	0.0000374358278350
1577.8170000000000100	0.0000374787377950
1577.8280999999999500	0.0000375234376406
1577.8399000000001700	0.0000374680093955
1577.8497999999999600	0.0000375001945940
1577.8557000000000700	0.0000372230642824
1577.8632999999999800	0.0000372677641280
1577.8757000000000500	0.0000372767026420
1577.8883000000000700	0.0000369942099496
1577.8976999999999800	0.0000367510547221
1577.9078999999999200	0.0000370371199097
1577.9194999999999700	0.0000370693051082
1577.9302000000000100	0.0000365901396435
1577.9375999999999700	0.0000365919295291
1577.9435000000000800	0.0000370836060029
1577.9539999999999500	0.0000371873065887
1577.9671000000000700	0.0000367278116755
1577.9782999999999900	0.0000367224456568
1577.9883999999999500	0.0000371694259229
1578.0000000000000000	0.0000372749163944
1578.0117000000000200	0.0000369137560483
1578.0212999999998800	0.0000370389097952
1578.0271000000000200	0.0000372427311959
1578.0349000000001000	0.0000371443966287
1578.0480000000000000	0.0000371980349883
1578.0602000000001200	0.0000370550005755
1578.0694000000000800	0.0000371801543224
1578.0797000000000000	0.0000369512999896
1578.0925000000002000	0.0000369584522559
1578.1038000000000900	0.0000373142502212
1578.1112000000000500	0.0000371175774490
1578.1172000000001400	0.0000369101799151
1578.1276000000002500	0.0000367063548765
1578.1409000000001000	0.0000369495137420
1578.1518000000000900	0.0000368189939763
1578.1604000000002100	0.0000365919295291
1578.1715000000001500	0.0000368207838619
1578.1839999999999700	0.0000363505605492
1578.1938000000002400	0.0000365883533959
1578.2000000000000400	0.0000362593746104
1578.2073000000000300	0.0000367546308553
1578.2197000000001000	0.0000362379214494
1578.2323000000001200	0.0000364167135558
1578.2428999999999600	0.0000364149236702
1578.2531000000001300	0.0000370335437765
1578.2649000000001200	0.0000369280569430
1578.2762999999999900	0.0000367868124158
1578.2849000000001000	0.0000370228190150
1578.2909999999999400	0.0000375627714675
1578.3010999999999000	0.0000375556192012
1578.3145999999999300	0.0000373214024876
1578.3270000000000000	0.0000373070979549
1578.3374000000001100	0.0000378720797016
1578.3484000000000800	0.0000379096272809
1578.3598999999999200	0.0000373660986952
1578.3698000000001700	0.0000369888475689
1578.3766000000000500	0.0000376235584554
1578.3831000000000100	0.0000379310840799
1578.3943000000001600	0.0000374483424821
1578.4071000000001300	0.0000368243599951
1578.4173000000000700	0.0000371300920960
1578.4267999999999600	0.0000375109193556
1578.4379000000001200	0.0000372927934222
1578.4487000000001400	0.0000367599932360
1578.4566999999999500	0.0000365847772628
1578.4623000000001400	0.0000367421125702
1578.4714999999998800	0.0000368476030417
1578.4838999999999500	0.0000367742977687
1578.4945000000000100	0.0000366777494492
1578.5030000000001500	0.0000365454434359
1578.5130000000001500	0.0000366562926502
1578.5253000000000100	0.0000367313878087
1578.5355999999999300	0.0000367331740563
1578.5416999999999900	0.0000367260217899
1578.5479000000000200	0.0000368297223758
1578.5601000000001500	0.0000369995759684
1578.5731000000000700	0.0000369137560483
1578.5832000000000300	0.0000370031521015
1578.5923000000000200	0.0000372105496353
1578.6048000000000700	0.0000374250994355
1578.6169000000002100	0.0000372087633878
1578.6257000000000500	0.0000375484669348
1578.6317999999998800	0.0000373035218217
1578.6407999999999000	0.0000374519186153
1578.6542000000001700	0.0000372069735022
1578.6667999999999600	0.0000375770723622
1578.6773000000000600	0.0000376164098270
1578.6878999999999000	0.0000370979105355
1578.6992000000000200	0.0000371032729163
1578.7091000000000300	0.0000376771968149
1578.7166000000002000	0.0000378398981411
1578.7237999999999800	0.0000374161609216
1578.7351000000001000	0.0000373875554942
1578.7473999999999700	0.0000380919955205
1578.7585000000001400	0.0000382850921596
1578.7689000000000300	0.0000380955716537
1578.7808000000000000	0.0000380347810278
1578.7924000000000400	0.0000384603081329
1578.8006000000000300	0.0000387892832805
1578.8070000000000100	0.0000385729472328
1578.8163000000001800	0.0000384638842661
1578.8288000000000000	0.0000387141917599
1578.8394000000000700	0.0000390789282392
1578.8486000000000300	0.0000390413806599
1578.8596000000000000	0.0000386516148865
1578.8709000000001200	0.0000387445870729
1578.8800000000001100	0.0000390628374589
1578.8865000000000700	0.0000391593857785
1578.8933999999999300	0.0000386891624657
1578.9047000000000500	0.0000385246712540
1578.9167999999999600	0.0000389108645322
1578.9267000000002100	0.0000386301617255
1578.9371000000001000	0.0000385997664125
1578.9488999999998600	0.0000382725738746
1578.9594000000001800	0.0000384227605537
1578.9673000000000200	0.0000382743637601
1578.9732000000001300	0.0000382976068067
1578.9835000000000500	0.0000382493308280
1578.9970000000000700	0.0000382314538001
1579.0080000000000400	0.0000382225152862
1579.0181999999999800	0.0000383440928999
1579.0296000000000700	0.0000383280021197
1579.0411999999998900	0.0000383297883673
1579.0502999999998800	0.0000384585182474
1579.0575000000001200	0.0000387070394936
1579.0643999999999800	0.0000386981009797
1579.0759000000000400	0.0000386855863326
1579.0887000000002400	0.0000387714062526
1579.0985000000000600	0.0000390109889850
1579.1083000000001000	0.0000391951434722
1579.1197000000001900	0.0000389072883991
1579.1306000000001800	0.0000395509414375
1579.1384000000000400	0.0000388965599996
1579.1447000000000600	0.0000393489062844
1579.1544999999998700	0.0000387857107853
1579.1669999999999100	0.0000399496457248
1579.1774000000000300	0.0000398352203774
1579.1871000000001000	0.0000390825043723
1579.1980999999998400	0.0000390592613257
1579.2095999999999100	0.0000400837416237
1579.2188000000001000	0.0000400140124839
1579.2253000000000600	0.0000395151801058
1579.2330000000001700	0.0000394686940126
1579.2450999999998600	0.0000403769590775
1579.2577000000001100	0.0000402875630243
1579.2675000000001500	0.0000404663551308
1579.2780999999999900	0.0000400783756049
1579.2908000000002200	0.0000408185769629
1579.3018999999999300	0.0000407077241107
1579.3098999999999700	0.0000408829437220
1579.3166000000001100	0.0000405021164624
1579.3271000000002000	0.0000408543346566
1579.3402000000000900	0.0000410134598496
1579.3511000000000900	0.0000409312160627
1579.3620000000000800	0.0000405235696235
1579.3731000000000200	0.0000405789942306
1579.3837000000000900	0.0000407863954024
1579.3921000000000300	0.0000406111794291
1579.3987999999999400	0.0000403447775170
1579.4064000000000700	0.0000403268968512
1579.4178000000001700	0.0000403823250963
1579.4296000000001600	0.0000399424934585
1579.4397000000001300	0.0000399085256504
1579.4506999999998700	0.0000398834927182
1579.4623000000001400	0.0000398942211177
1579.4725000000000800	0.0000395169699914
1579.4799000000000400	0.0000396903997171
1579.4864000000000000	0.0000396653667849
1579.4968000000001200	0.0000396367613575
1579.5083000000001900	0.0000395455754187
1579.5179000000000500	0.0000398030388169
1579.5275000000001400	0.0000398942211177
1579.5383000000001600	0.0000397851581511
1579.5489999999999800	0.0000399281925638
1579.5575000000001200	0.0000402607438446
1579.5643000000000000	0.0000403215344704
1579.5723000000000400	0.0000402839868912
1579.5846000000001300	0.0000405235696235
1579.5963999999999000	0.0000407685147366
1579.6063000000001400	0.0000409705498896
1579.6178999999999600	0.0000410384927818
1579.6296000000002100	0.0000416070506617
1579.6397000000001700	0.0000414532878494
1579.6467000000000100	0.0000412262234022
1579.6537000000000700	0.0000414139540226
1579.6652000000001400	0.0000419431817136
1579.6784000000000100	0.0000418645104219
1579.6891000000000500	0.0000411958280893
1579.7000000000000400	0.0000413567431679
1579.7118000000000400	0.0000418859672209
1579.7228000000000000	0.0000415212307416
1579.7317000000000400	0.0000412888002757
1579.7381000000000300	0.0000411618566432
1579.7465999999999400	0.0000417411465605
1579.7590000000000100	0.0000414765308960
1579.7700999999999500	0.0000412780718761
1579.7796000000000700	0.0000412798617617
1579.7909000000001900	0.0000416624752688
1579.8023000000000600	0.0000414264723076
1579.8119000000001500	0.0000415391114075
1579.8193000000001100	0.0000414050155086
1579.8261999999999700	0.0000417089613620
1579.8373000000001400	0.0000412190711359
1579.8495000000000300	0.0000415069262090
1579.8599000000001500	0.0000414568639826
1579.8698999999999100	0.0000414765308960
1579.8808000000001300	0.0000409884305554
1579.8918000000001000	0.0000409580352425
1579.9007000000001400	0.0000412476765632
1579.9071999999998700	0.0000410796128563
1579.9153000000001100	0.0000407738771173
1579.9270999999998800	0.0000404860220442
1579.9387000000001500	0.0000406219041906
1579.9486999999999200	0.0000407256047765
1579.9586999999999100	0.0000405039027100
1579.9693000000002000	0.0000403286867368
1579.9794000000001700	0.0000406201179430
1579.9870000000000800	0.0000407524239563
1579.9936000000000100	0.0000405217833759
1580.0034000000000500	0.0000404913880629
1580.0162000000000200	0.0000405861464969
1580.0276000000001200	0.0000407184525102
1580.0378000000000600	0.0000407130901294
1580.0489000000000000	0.0000407917577832
1580.0606000000002500	0.0000408400337619
1580.0698999999999600	0.0000408775777032
1580.0756000000001200	0.0000411350374634
1580.0833999999999800	0.0000412691333622
1580.0955000000001300	0.0000412387380493
1580.1070999999999400	0.0000414550777350
1580.1160000000002100	0.0000418698764406
1580.1266000000000500	0.0000422149460064
1580.1381000000001200	0.0000418198142143
1580.1486999999999600	0.0000414622300013
1580.1563000000001000	0.0000420647593273
1580.1631000000002100	0.0000424795580329
1580.1730999999999700	0.0000421094555350
1580.1858999999999400	0.0000413781963289
1580.1967999999999400	0.0000418806012021
1580.2060000000001300	0.0000419986063207
1580.2175000000002000	0.0000418966956204
1580.2291999999999900	0.0000414336209360
1580.2382000000000000	0.0000413585294154
1580.2448999999999100	0.0000414818969148
1580.2523000000001000	0.0000415283830080
1580.2639999999998900	0.0000414729547629
1580.2760000000000700	0.0000413424386352
1580.2862999999999800	0.0000412691333622
1580.2970000000000200	0.0000410510074289
1580.3089999999999700	0.0000413370762544
1580.3200999999999100	0.0000412548288296
1580.3281999999999200	0.0000410831889894
1580.3350000000000300	0.0000406630279031
1580.3451000000000000	0.0000409294298152
1580.3582000000001200	0.0000408275154768
1580.3694000000000400	0.0000405450264225
1580.3798000000001600	0.0000401463184971
1580.3906000000001700	0.0000401570468966
1580.4015000000001700	0.0000401606230298
1580.4106000000001600	0.0000401230754505
1580.4176999999999700	0.0000399138880312
1580.4242999999999000	0.0000395419992856
1580.4345000000000700	0.0000395473653043
1580.4462000000000900	0.0000394597554987
1580.4561000000001000	0.0000394239978050
1580.4660000000001200	0.0000390968089050
1580.4773000000000100	0.0000391826288251
1580.4876999999999000	0.0000391647481592
1580.4957999999999200	0.0000392219626519
1580.5024000000000800	0.0000391039611713
1580.5114999999998400	0.0000391111097997
1580.5232000000000900	0.0000393596310460
1580.5340000000001000	0.0000394651215174
1580.5433000000000400	0.0000395795468648
1580.5534999999999800	0.0000397565527237
1580.5643000000000000	0.0000398888587370
1580.5742000000000200	0.0000401105608034
1580.5812000000000800	0.0000403662343160
1580.5875000000000900	0.0000406308463425
1580.5978999999999800	0.0000409437307098
1580.6100999999998700	0.0000411564942624
1580.6203000000000400	0.0000413978632423
1580.6295999999999800	0.0000415730792156
1580.6408000000001200	0.0000416213551944
1580.6524000000001700	0.0000415873837483
1580.6617000000001100	0.0000417625997216
1580.6684000000000200	0.0000419056341343
1580.6768999999999300	0.0000415122922277
1580.6898000000001000	0.0000414336209360
1580.7028000000000200	0.0000412047666032
1580.7137000000000200	0.0000404949641961
1580.7246000000000100	0.0000410456414102
1580.7358999999999000	0.0000407023617299
1580.7465999999999400	0.0000405092650908
1580.7549000000001300	0.0000401087709179
1580.7615000000000700	0.0000399567979912
1580.7710999999999300	0.0000404556303693
1580.7834000000000300	0.0000403215344704
1580.7946000000001700	0.0000401320139645
1580.8039000000001100	0.0000397940966650
1580.8139000000001000	0.0000396188806917
1580.8249000000000700	0.0000399407072109
1580.8348000000000800	0.0000401677716582
1580.8417999999999200	0.0000396564282710
1580.8487000000000100	0.0000395956376451
1580.8605999999999700	0.0000397797957703
1580.8732000000000000	0.0000397297335439
1580.8831000000000100	0.0000399281925638
1580.8930000000000300	0.0000395527276851
1580.9046000000000700	0.0000396331852244
1580.9155000000000600	0.0000399567979912
1580.9237000000000500	0.0000400604985771
1580.9299000000000900	0.0000400050739700
1580.9391000000000500	0.0000398995834985
1580.9513000000001700	0.0000395831229980
1580.9623999999998900	0.0000398995834985
1580.9719000000000000	0.0000404574166168
1580.9824000000001000	0.0000402375007980
1580.9936999999999900	0.0000399246164307
1581.0036999999999800	0.0000405342980230
1581.0104999999998600	0.0000406290564570
1581.0172000000002300	0.0000404699312639
1581.0285999999998700	0.0000407345432905
1581.0412000000001200	0.0000407434854424
1581.0516000000000100	0.0000410170359828
1581.0619000000001500	0.0000412727094954
1581.0734999999999700	0.0000416517505073
1581.0845000000001600	0.0000410063075833
1581.0930000000000700	0.0000419270872953
1581.0988999999999600	0.0000413728339481
1581.1075000000000700	0.0000415015638282
1581.1201000000000900	0.0000410206121160
1581.1321000000000300	0.0000413281341025
1581.1412000000002500	0.0000411171604355
1581.1514000000001900	0.0000408829437220
1581.1633000000001600	0.0000406469371228
1581.1737000000000500	0.0000400837416237
1581.1809000000000600	0.0000409383683291
1581.1877999999999200	0.0000398834927182
1581.1992000000000200	0.0000401999568567
1581.2109000000000400	0.0000393936024921
1581.2211999999999500	0.0000396671566705
1581.2310999999999700	0.0000393006303057
1581.2424000000000900	0.0000398781303375
1581.2534000000000500	0.0000389537744923
1581.2624000000000700	0.0000386694955523
1581.2688000000000500	0.0000396832474507
1581.2776000000001200	0.0000395437891711
1581.2902000000001400	0.0000384692466469
1581.3019000000001600	0.0000391808389395
1581.3116000000000000	0.0000390753521060
1581.3225999999999600	0.0000395241222577
1581.3351999999999800	0.0000393131449528
1581.3462999999999300	0.0000396653667849
1581.3536999999998900	0.0000393095688196
1581.3606999999999500	0.0000397869443987
1581.3728000000001000	0.0000399156779167
1581.3864000000000900	0.0000403018675570
1581.3972000000001100	0.0000404377497034
1581.4071000000001300	0.0000404466882173
1581.4188999999998900	0.0000406826948165
1581.4305000000001600	0.0000410420689150
1581.4388000000001300	0.0000410992797697
1581.4445000000000600	0.0000410617358284
1581.4524000000001200	0.0000412995286752
1581.4646000000002400	0.0000413621055486
1581.4754000000000300	0.0000413746201957
1581.4846999999999700	0.0000412548288296
1581.4946000000002200	0.0000415265931224
1581.5059000000001100	0.0000412888002757
1581.5154000000000000	0.0000415998983954
1581.5218999999999600	0.0000413674679294
1581.5280999999999900	0.0000416052644141
1581.5387000000000600	0.0000416624752688
1581.5506000000000300	0.0000419574826083
1581.5603000000001000	0.0000418323288613
1581.5697000000000100	0.0000417679621023
1581.5806000000000000	0.0000424008867412
1581.5915999999999700	0.0000420880023739
1581.6005999999999800	0.0000424187674071
1581.6073999999998700	0.0000420486685471
1581.6164000000001100	0.0000426815931860
1581.6288000000001800	0.0000419592724938
1581.6402000000000500	0.0000424545251008
1581.6504999999999600	0.0000422721568611
1581.6617999999998600	0.0000424294958066
1581.6735000000001000	0.0000416320799559
1581.6829000000000200	0.0000418412673753
1581.6900000000000500	0.0000419950301875
1581.6973000000000400	0.0000418806012021
1581.7093000000002100	0.0000412369518017
1581.7217000000000500	0.0000409455205954
1581.7323000000001200	0.0000414282585552
1581.7427999999999900	0.0000414336209360
1581.7546999999999600	0.0000404520542361
1581.7657000000001500	0.0000400497701776
1581.7739999999998900	0.0000408096384490
1581.7801999999999200	0.0000411010696553
1581.7891000000001900	0.0000401105608034
1581.8018999999999300	0.0000406022372772
1581.8131000000000700	0.0000403412013839
1581.8225999999999600	0.0000407202423958
1581.8334999999999600	0.0000407381194236
1581.8452000000002000	0.0000412369518017
1581.8550000000000200	0.0000413031048083
1581.8620000000000800	0.0000412226472690
1581.8693000000000600	0.0000415391114075
1581.8812000000000300	0.0000419914540544
1581.8934999999999000	0.0000422775228799
1581.9035999999998700	0.0000424008867412
1581.9136000000000900	0.0000424169811595
1581.9251000000001500	0.0000428854145866
1581.9358000000002000	0.0000430427535321
1581.9443000000001100	0.0000431393018516
1581.9505000000001500	0.0000431124826719
1581.9592999999999800	0.0000434968860645
1581.9715999999998500	0.0000434003377450
1581.9830999999999200	0.0000435165529780
1581.9933000000000900	0.0000435970068793
1582.0041000000001100	0.0000434468238382
1582.0152000000000500	0.0000433842469647
1582.0247999999999100	0.0000437597082055
1582.0320000000001500	0.0000435898582509
1582.0389000000002400	0.0000433842469647
1582.0505000000000500	0.0000434629146184
1582.0627999999999200	0.0000439063187514
1582.0735999999999400	0.0000435844922322
1582.0835000000001800	0.0000439742616436
1582.0951000000000000	0.0000436113114120
1582.1060999999999700	0.0000438401657448
1582.1145000000001300	0.0000439170471509
1582.1204000000000200	0.0000440797484771
1582.1294000000000300	0.0000433002132922
1582.1417000000001300	0.0000432465749327
1582.1522999999999700	0.0000440851108578
1582.1620000000000300	0.0000437132221123
1582.1726000000001000	0.0000429265382991
1582.1840999999999400	0.0000427531085734
1582.1936000000000600	0.0000431625448982
1582.2004999999999200	0.0000432662418461
1582.2077999999999000	0.0000427405939263
1582.2195000000001500	0.0000420039687015
1582.2317000000000400	0.0000418555719079
1582.2417000000000400	0.0000428478706453
1582.2518000000002300	0.0000421362747147
1582.2630000000001500	0.0000414407732023
1582.2739000000001400	0.0000415766553488
1582.2826000000000000	0.0000421309123340
1582.2889000000000100	0.0000416016882809
1582.2979000000000200	0.0000417929950345
1582.3104000000000700	0.0000420200594817
1582.3223000000000400	0.0000419324533141
1582.3333000000000100	0.0000421577315137
1582.3449000000000500	0.0000428389284934
1582.3568000000000200	0.0000431339358329
1582.3667000000000400	0.0000430731488450
1582.3740000000000200	0.0000431106927863
1582.3818000000001100	0.0000438812894572
1582.3938000000000500	0.0000439438663307
1582.4066000000000200	0.0000444033612439
1582.4171000000001200	0.0000444033612439
1582.4271000000001100	0.0000449486760772
1582.4386000000001800	0.0000449468898296
1582.4492999999999900	0.0000450988627563
1582.4578000000001300	0.0000452705025964
1582.4637999999999900	0.0000453938700957
1582.4722000000001600	0.0000451757441624
1582.4850000000001300	0.0000450827719760
1582.4965000000001900	0.0000451721680292
1582.5062000000000300	0.0000448825230706
1582.5168000000001000	0.0000447645215900
1582.5277000000000900	0.0000450631050626
1582.5367000000001100	0.0000448324644822
1582.5433000000000400	0.0000444069373771
1582.5509000000001800	0.0000445964578830
1582.5618999999999200	0.0000451113774034
1582.5732000000000400	0.0000450559527962
1582.5827999999999000	0.0000445750010840
1582.5924999999999700	0.0000445463956567
1582.6035000000001700	0.0000450380721304
1582.6143000000001800	0.0000451828964287
1582.6228999999998400	0.0000449558283435
1582.6294000000000300	0.0000443944227300
1582.6390000000001200	0.0000445642726845
1582.6513999999999600	0.0000451221058029
1582.6625999999998800	0.0000448199461971
1582.6724000000001500	0.0000438526803919
1582.6845000000000700	0.0000437579219579
1582.6965999999999900	0.0000442621167167
1582.7059000000001500	0.0000438687711721
1582.7129999999999600	0.0000431679072790
1582.7208000000000500	0.0000430963882536
1582.7333000000001000	0.0000428013845521
1582.7457999999999200	0.0000431518164987
1582.7564000000002100	0.0000423919482273
1582.7672000000002300	0.0000425653779530
1582.7789000000000200	0.0000422614320996
1582.7893999999998800	0.0000426225924457
1582.7976000000001000	0.0000421255499532
1582.8038000000001400	0.0000426708647865
1582.8140000000000800	0.0000426869555668
1582.8266000000001000	0.0000425975595135
1582.8377000000000400	0.0000427548984590
1582.8474000000001000	0.0000433985478594
1582.8580999999999200	0.0000436667360191
1582.8693000000000600	0.0000436327682110
1582.8785000000000300	0.0000436166737927
1582.8854000000001200	0.0000443783319497
1582.8932999999999500	0.0000445446057711
1582.9053000000001200	0.0000451828964287
1582.9178000000001700	0.0000451703817816
1582.9280000000001100	0.0000453134125564
1582.9378999999999000	0.0000450613151770
1582.9492999999999900	0.0000454886285297
1582.9594999999999300	0.0000456835150544
1582.9674000000000000	0.0000452454733022
1582.9739000000001800	0.0000448860992037
1582.9838999999999500	0.0000450845582236
1582.9963000000000200	0.0000451221058029
1583.0074999999999300	0.0000446429439762
1583.0178000000000800	0.0000442549644504
1583.0289000000002500	0.0000442871460109
1583.0402000000001400	0.0000444355428044
1583.0489999999999800	0.0000441780830442
1583.0555000000001600	0.0000438222850789
1583.0635999999999500	0.0000439402901975
1583.0760999999999900	0.0000441548399976
1583.0884000000000900	0.0000440404146502
1583.0990000000001600	0.0000438365896116
1583.1089999999999200	0.0000439492287114
1583.1203000000000400	0.0000442227828898
1583.1304999999999800	0.0000438955903519
1583.1381000000001200	0.0000437024973508
1583.1441999999999500	0.0000437614980910
1583.1546000000000700	0.0000438526803919
1583.1677000000001900	0.0000434003377450
1583.1784000000002400	0.0000430802974734
1583.1884000000000000	0.0000430427535321
1583.1993000000002200	0.0000431714834122
1583.2102999999999600	0.0000428049570473
1583.2191000000000200	0.0000424741920142
1583.2255999999999800	0.0000424116151407
1583.2343000000000700	0.0000426762271672
1583.2465999999999400	0.0000422328230343
1583.2583999999999400	0.0000420218493673
1583.2679000000000500	0.0000420200594817
1583.2784000000001400	0.0000421130316681
1583.2893000000001400	0.0000421666700277
1583.2991000000001800	0.0000421470031142
1583.3068000000000600	0.0000420969408879
1583.3134000000000000	0.0000421613076469
1583.3245999999999200	0.0000424116151407
1583.3370999999999600	0.0000424706158810
1583.3478999999999800	0.0000424992249464
1583.3584000000000700	0.0000428514431405
1583.3703000000000400	0.0000431339358329
1583.3817000000001400	0.0000432876986451
1583.3904000000000000	0.0000429712345067
1583.3976999999999800	0.0000430981781392
1583.4072999999998500	0.0000437865273852
1583.4202000000000200	0.0000436309783254
1583.4320000000000100	0.0000428371422458
1583.4428000000000300	0.0000425957732659
1583.4541000000001500	0.0000428353523603
1583.4653000000000700	0.0000428854145866
1583.4744000000000600	0.0000419825155404
1583.4813000000001400	0.0000417035989813
1583.4882999999999800	0.0000416642651544
1583.4997000000000700	0.0000416678412876
1583.5120000000001700	0.0000408239393437
1583.5216000000000300	0.0000407256047765
1583.5308000000000000	0.0000406701801694
1583.5422000000000900	0.0000407828192692
1583.5531000000000800	0.0000404735073971
1583.5605000000000500	0.0000403626581829
1583.5661000000000000	0.0000404145066568
1583.5751000000000200	0.0000407077241107
1583.5877000000000400	0.0000406862709497
1583.5981000000001600	0.0000407202423958
1583.6066000000000700	0.0000408525484090
1583.6162000000001600	0.0000411511318816
1583.6273000000001000	0.0000411028559029
1583.6372999999998700	0.0000410849788750
1583.6441999999999500	0.0000411243127019
1583.6510000000000700	0.0000413120433223
1583.6626000000001100	0.0000411886758229
1583.6750000000001800	0.0000412351619161
1583.6852000000001200	0.0000411707987951
1583.6954000000000600	0.0000412798617617
1583.7069999999998800	0.0000412119188695
1583.7176999999999200	0.0000410635220760
1583.7255999999999800	0.0000410080974689
1583.7318999999999900	0.0000411404034821
1583.7421999999999100	0.0000409777021559
1583.7557999999999100	0.0000408507585234
1583.7671000000000300	0.0000407130901294
1583.7772999999999700	0.0000407524239563
1583.7894000000001100	0.0000406487233704
1583.8016000000000100	0.0000407452716900
1583.8106000000000200	0.0000407345432905
1583.8175000000001100	0.0000407863954024
1583.8249000000000700	0.0000407899715356
1583.8361999999999600	0.0000409544591093
1583.8484000000000800	0.0000407863954024
1583.8578999999999700	0.0000412601948483
1583.8674000000000900	0.0000414479254687
1583.8785000000000300	0.0000415212307416
1583.8892000000000700	0.0000411153705500
1583.8971000000001300	0.0000411690089095
1583.9030000000000200	0.0000418734525738
1583.9124000000001600	0.0000419342395617
1583.9250999999999300	0.0000409079730161
1583.9361000000001200	0.0000409651875088
1583.9447999999999800	0.0000415695030824
1583.9556999999999800	0.0000417965711677
1583.9671000000000700	0.0000403072299378
1583.9766999999999400	0.0000407309671573
1583.9837000000000000	0.0000401445286116
1583.9900000000002300	0.0000409633976233
1584.0009000000000000	0.0000399567979912
1584.0138999999999200	0.0000401463184971
1584.0239000000001400	0.0000398012489313
1584.0334000000000300	0.0000398942211177
1584.0450000000000700	0.0000398048250645
1584.0563000000001900	0.0000399657365051
1584.0646000000001500	0.0000399353448302
1584.0707999999999600	0.0000399299788114
1584.0793000000001000	0.0000401320139645
1584.0918000000001500	0.0000404073543905
1584.1041000000000100	0.0000405289320042
1584.1140000000000300	0.0000407363331760
1584.1245000000001200	0.0000409347921959
1584.1367000000002400	0.0000411225228163
1584.1466000000000300	0.0000409741260228
1584.1533999999999200	0.0000411761611758
1584.1597000000001600	0.0000412744957430
1584.1714999999999200	0.0000414586538682
1584.1839999999999700	0.0000414908354287
1584.1937000000000300	0.0000414228961745
1584.2031999999999200	0.0000413299239881
1584.2149999999999200	0.0000413656816818
1584.2264999999999900	0.0000413692578149
1584.2345000000000200	0.0000414997739426
1584.2406000000000800	0.0000410885550082
1584.2491999999999700	0.0000411368273490
1584.2619000000001900	0.0000411940418417
1584.2733000000000600	0.0000411028559029
1584.2819999999999200	0.0000409991589549
1584.2925999999999900	0.0000411046457884
1584.3045999999999300	0.0000413084671891
1584.3145999999999300	0.0000412315857830
1584.3216999999999600	0.0000413889247284
1584.3282999999999000	0.0000415659269493
1584.3387000000000200	0.0000415802314819
1584.3511000000000900	0.0000419646348746
1584.3619000000001000	0.0000421773984272
1584.3723000000002200	0.0000423687051807
1584.3837000000000900	0.0000420880023739
1584.3956000000000600	0.0000421899130743
1584.4049999999999700	0.0000428282000939
1584.4118000000000800	0.0000430409636465
1584.4202000000000200	0.0000424884965469
1584.4340999999999400	0.0000424634672527
1584.4472000000000600	0.0000428496568929
1584.4578999999998800	0.0000433055756730
1584.4685000000001700	0.0000425921971328
1584.4800000000000200	0.0000427602608397
1584.4905000000001100	0.0000424205536547
1584.4982000000000000	0.0000427656232205
1584.5041000000001100	0.0000425921971328
1584.5143000000000500	0.0000428425046266
1584.5267000000001200	0.0000426976839663
1584.5365000000001600	0.0000426726510341
1584.5455000000001700	0.0000428889907198
1584.5563000000001900	0.0000431947264588
1584.5666000000001100	0.0000431464504800
1584.5749000000000700	0.0000430123582191
1584.5807999999999500	0.0000432590895798
1584.5884000000000900	0.0000437525559391
1584.6003000000000600	0.0000436059490312
1584.6110000000001000	0.0000435201291111
1584.6203000000000400	0.0000436917689512
1584.6295000000000100	0.0000441602023784
1584.6403000000000200	0.0000440797484771
1584.6511000000000400	0.0000441298107035
1584.6589999999998800	0.0000439367140643
1584.6652999999998900	0.0000441459014837
1584.6755000000000500	0.0000443676035502
1584.6893000000000000	0.0000440565054305
1584.7004999999999200	0.0000440153817181
1584.7101000000000100	0.0000438526803919
1584.7212999999999300	0.0000441602023784
1584.7328999999999700	0.0000436828267993
1584.7418999999999800	0.0000438204988313
1584.7481000000000200	0.0000433860332123
1584.7563999999999800	0.0000437847411376
1584.7690000000000000	0.0000438061942987
1584.7817000000000000	0.0000435237052443
1584.7925999999999900	0.0000434986723121
1584.8035999999999600	0.0000439081086370
1584.8154999999999300	0.0000439796240244
1584.8255999999998900	0.0000437364651589
1584.8330000000000800	0.0000439349241788
1584.8396999999999900	0.0000442782074970
1584.8509000000001400	0.0000442209930043
1584.8639000000000600	0.0000445195764769
1584.8742999999999500	0.0000447663078376
1584.8843999999999100	0.0000446840640507
1584.8955000000000800	0.0000447716738563
1584.9067000000000000	0.0000450041043223
1584.9152000000001400	0.0000449987383035
1584.9220000000000200	0.0000449486760772
1584.9307000000001100	0.0000450935003755
1584.9433999999998800	0.0000449933759228
1584.9548999999999500	0.0000449880135420
1584.9647000000002200	0.0000452061394753
1584.9748000000001800	0.0000452329586551
1584.9856000000002000	0.0000449540420959
1584.9951000000000900	0.0000449951621704
1585.0032000000001000	0.0000451864725619
1585.0097000000000600	0.0000451292580692
1585.0198000000000300	0.0000448735845566
1585.0320000000001500	0.0000448682221759
1585.0433000000000400	0.0000450344996352
1585.0532000000000600	0.0000450505904155
1585.0643000000000000	0.0000447984930361
1585.0750000000000400	0.0000448253122158
1585.0837999999998800	0.0000450112565886
1585.0900999999998900	0.0000450559527962
1585.0984000000000800	0.0000450881343568
1585.1115999999999500	0.0000450917104899
1585.1237000000001000	0.0000451167434221
1585.1338000000000600	0.0000450398620160
1585.1449000000000000	0.0000452705025964
1585.1562000000001200	0.0000454582368548
1585.1657000000000100	0.0000452365347883
1585.1732000000001800	0.0000451703817816
1585.1794999999999600	0.0000452633503301
1585.1903999999999500	0.0000455744520877
1585.2029000000000000	0.0000453062639281
1585.2132000000001400	0.0000454224755231
1585.2230000000001800	0.0000454779037682
1585.2344000000000500	0.0000450881343568
1585.2456000000001900	0.0000456817251688
1585.2536999999999800	0.0000452812309959
1585.2597000000000600	0.0000452758686151
1585.2694000000001300	0.0000451221058029
1585.2817000000000000	0.0000456781490357
1585.2924000000000400	0.0000448414029961
1585.3015000000000300	0.0000449790713901
1585.3133000000000200	0.0000451721680292
1585.3248000000000900	0.0000449200706498
1585.3339000000000800	0.0000445803671028
1585.3408000000001700	0.0000449397375633
1585.3480000000001800	0.0000447073070973
1585.3600000000001300	0.0000446536687377
1585.3732000000000000	0.0000449808612757
1585.3838000000000600	0.0000448807368230
1585.3937000000000800	0.0000446089725301
1585.4053000000001200	0.0000449790713901
1585.4161999999998900	0.0000450273473689
1585.4244000000001000	0.0000448467653769
1585.4307000000001100	0.0000450559527962
1585.4411000000000000	0.0000451650157629
1585.4543000000001000	0.0000449665567430
1585.4660999999998700	0.0000449933759228
1585.4760000000001100	0.0000449951621704
1585.4878000000001000	0.0000451596533821
1585.4993000000001700	0.0000452079257229
1585.5081999999999900	0.0000449486760772
1585.5148999999999000	0.0000447591592092
1585.5228999999999300	0.0000448235223303
1585.5353999999999800	0.0000449397375633
1585.5481000000002000	0.0000448807368230
1585.5579000000000200	0.0000446894300694
1585.5672000000001800	0.0000444748766313
1585.5786000000000500	0.0000446626108896
1585.5894000000000700	0.0000444230281573
1585.5963999999999000	0.0000446179110440
1585.6017000000001600	0.0000443944227300
1585.6114000000000000	0.0000442138407379
1585.6237000000001000	0.0000444176657766
1585.6335000000001400	0.0000443121789431
1585.6410000000000700	0.0000442245691374
1585.6514999999999400	0.0000440958392574
1585.6625000000001300	0.0000441834454250
1585.6710000000000500	0.0000439742616436
1585.6767999999999600	0.0000441387492174
1585.6848999999999700	0.0000439474424638
1585.6982000000000400	0.0000437275266449
1585.7102999999999600	0.0000438437418779
1585.7203999999999200	0.0000438848655904
1585.7307000000000700	0.0000433180939581
1585.7417000000000400	0.0000430802974734
1585.7510999999999500	0.0000435540969193
1585.7587000000000900	0.0000434539761045
1585.7652000000000500	0.0000429175961472
1585.7765999999999100	0.0000425993493991
1585.7899999999999600	0.0000427602608397
1585.8013000000000800	0.0000424169811595
1585.8113000000000700	0.0000424545251008
1585.8231000000000700	0.0000420611831942
1585.8345000000001600	0.0000421702461608
1585.8431000000000500	0.0000417733281211
1585.8492000000001100	0.0000421470031142
1585.8587999999999700	0.0000421344884671
1585.8715999999999400	0.0000423544006480
1585.8834999999999100	0.0000421541553806
1585.8935000000001300	0.0000423830097134
1585.9040999999999700	0.0000429140236520
1585.9148999999999900	0.0000430427535321
1585.9238000000000300	0.0000430695727118
1585.9307000000001100	0.0000429783867730
1585.9384000000000000	0.0000431857879448
1585.9504999999999200	0.0000433770946984
1585.9621999999999400	0.0000436274021922
1585.9716000000000800	0.0000434468238382
1585.9820999999999400	0.0000434021239926
1585.9942000000000900	0.0000436220398115
1586.0042000000000800	0.0000436399168393
1586.0116000000000400	0.0000436345544585
1586.0176999999998800	0.0000432501510659
1586.0280999999999900	0.0000431536027463
1586.0408999999999600	0.0000430445397797
1586.0516999999999800	0.0000431822118117
1586.0616000000000000	0.0000425939833804
1586.0731000000000700	0.0000422989760409
1586.0844000000001800	0.0000422757329943
1586.0934000000002000	0.0000421952754550
1586.0997000000002100	0.0000422471275670
1586.1081000000001500	0.0000417465089413
1586.1204000000000200	0.0000419503303419
1586.1333999999999400	0.0000412405279349
1586.1436000000001000	0.0000420075448346
1586.1539999999999900	0.0000419789394073
1586.1649000000002100	0.0000420504547947
1586.1748999999999800	0.0000411368273490
1586.1821999999999600	0.0000415623544541
1586.1881000000000700	0.0000424563149863
1586.1997000000001200	0.0000424634672527
1586.2130000000001900	0.0000420057585870
1586.2237000000000100	0.0000421040931542
1586.2327000000000200	0.0000427012600994
1586.2442000000000900	0.0000427513223258
1586.2555000000002100	0.0000424581012339
1586.2632000000001000	0.0000421863369411
1586.2685000000001300	0.0000426833794336
1586.2781999999999700	0.0000427084123658
1586.2907999999999900	0.0000425671642006
1586.3016999999999800	0.0000420450924139
1586.3099999999999400	0.0000423043420597
1586.3201999999998800	0.0000426279548265
1586.3321000000000800	0.0000427978084190
1586.3417999999999200	0.0000422131561209
1586.3478000000002300	0.0000421720324084
1586.3553999999999200	0.0000427048362326
1586.3688999999999400	0.0000429336905654
1586.3823999999999600	0.0000428782623203
1586.3925000000001500	0.0000427066224802
1586.4021000000000200	0.0000427995946666
1586.4138000000000400	0.0000431232074334
1586.4248999999999800	0.0000433306086052
1586.4326000000000900	0.0000433931854786
1586.4381000000000700	0.0000432304841524
1586.4492000000002400	0.0000430624204455
1586.4632000000001400	0.0000432912747783
1586.4755000000000100	0.0000435880683654
1586.4848000000001800	0.0000435558868048
1586.4957999999999200	0.0000433073655586
1586.5072000000000100	0.0000433019995398
1586.5163999999999700	0.0000433538516518
1586.5223000000000800	0.0000433824570791
1586.5313999999998500	0.0000431428743468
1586.5445999999999400	0.0000428675375588
1586.5568000000000600	0.0000431053304055
1586.5668000000000600	0.0000429676583735
1586.5771000000002000	0.0000428639614256
1586.5887999999999900	0.0000425689540862
1586.5981999999999000	0.0000425564358011
1586.6044000000001700	0.0000428246275987
1586.6111000000000800	0.0000428478706453
1586.6236999999998700	0.0000428192615800
1586.6361000000001700	0.0000418949057348
1586.6444000000001300	0.0000420433025283
1586.6529000000000400	0.0000432841225120
1586.6639000000000100	0.0000432340602856
1586.6746000000000500	0.0000428621715400
1586.6815999999998900	0.0000422989760409
1586.6869000000001500	0.0000433788809460
1586.6972000000000600	0.0000435970068793
1586.7109000000000400	0.0000435809160990
1586.7222999999999000	0.0000427119884989
1586.7320999999999400	0.0000432394226664
1586.7431000000001400	0.0000434468238382
1586.7548000000001600	0.0000433592140325
1586.7639000000001500	0.0000425832549809
1586.7699999999999800	0.0000421899130743
1586.7780999999999900	0.0000426225924457
1586.7905000000000600	0.0000425725302193
1586.8034000000000100	0.0000421434269811
1586.8144000000002000	0.0000412512526964
1586.8259000000000400	0.0000422596422140
1586.8378000000000100	0.0000422828852606
1586.8475000000000800	0.0000421005170210
1586.8545000000001400	0.0000413674679294
1586.8616999999999300	0.0000417071751144
1586.8740000000000200	0.0000424455865868
1586.8869000000001900	0.0000425421349064
1586.8977000000002100	0.0000420343640144
1586.9078000000001800	0.0000423257952207
1586.9193999999999900	0.0000430373875133
1586.9296999999999100	0.0000432036649727
1586.9372000000000700	0.0000429944775533
1586.9427000000000600	0.0000431732696597
1586.9528000000000200	0.0000435827059846
1586.9662000000000700	0.0000439277755504
1586.9765999999999600	0.0000439992909378
1586.9846999999999700	0.0000437829512521
1586.9953000000000400	0.0000443586650363
1587.0071000000000300	0.0000443819044449
1587.0163000000000000	0.0000444605757366
1587.0218000000002100	0.0000441244446847
1587.0294000000001200	0.0000442102646048
1587.0427000000001900	0.0000446483063570
1587.0557000000001100	0.0000444319666713
1587.0651000000000300	0.0000440511394117
1587.0752999999999700	0.0000437114358647
1587.0874000000001100	0.0000444766665169
1587.0987000000000100	0.0000443801181973
1587.1057000000000700	0.0000440332623839
1587.1118000000001300	0.0000433073655586
1587.1228000000001000	0.0000439885625383
1587.1362000000001400	0.0000442889358965
1587.1473000000000800	0.0000439867762907
1587.1571999999998700	0.0000432716078649
1587.1674000000000400	0.0000435630390712
1587.1777999999999300	0.0000440654439444
1587.1863000000000700	0.0000440994153905
1587.1922999999999300	0.0000436989212176
1587.2002999999999700	0.0000437096459791
1587.2131000000001700	0.0000439688956249
1587.2246000000000100	0.0000442031123384
1587.2337000000000000	0.0000442460259364
1587.2448000000001700	0.0000440940493718
1587.2568999999998600	0.0000439116811322
1587.2669000000000800	0.0000440582916781
1587.2734000000000400	0.0000442621167167
1587.2805000000000700	0.0000441673546447
1587.2925999999999900	0.0000437507696915
1587.3050000000000600	0.0000435058245785
1587.3146000000001500	0.0000439957148046
1587.3233999999999900	0.0000442621167167
1587.3347000000001100	0.0000439259856648
1587.3458000000000500	0.0000432644555985
1587.3541000000000100	0.0000434879439126
1587.3598000000001800	0.0000441780830442
1587.3690999999998900	0.0000441816591774
1587.3826999999998800	0.0000437060698459
1587.3945000000001100	0.0000433198802057
1587.4045000000001000	0.0000441351730842
1587.4160000000001700	0.0000445660625701
1587.4275000000000100	0.0000443014505436
1587.4369000000001500	0.0000433985478594
1587.4438000000000100	0.0000436434929725
1587.4516000000001000	0.0000443157514383
1587.4640000000001700	0.0000442442360509
1587.4767999999999100	0.0000440654439444
1587.4877000000001300	0.0000428907806054
1587.4980000000000500	0.0000441047777713
1587.5090999999999900	0.0000437185881310
1587.5197000000000600	0.0000437221642642
1587.5278000000000700	0.0000424187674071
1587.5338999999999000	0.0000427173508797
1587.5433000000000400	0.0000429104475188
1587.5556000000001400	0.0000427906561526
1587.5671000000002100	0.0000416338698415
1587.5766000000001000	0.0000410241882491
1587.5876000000000600	0.0000420272117481
1587.5985000000000600	0.0000420111209678
1587.6074000000001000	0.0000412101326219
1587.6135000000001600	0.0000401570468966
1587.6212000000000400	0.0000409920066886
1587.6334000000001600	0.0000413048910559
1587.6443999999999000	0.0000406308463425
1587.6533999999999200	0.0000401659854106
1587.6631999999999600	0.0000403608682973
1587.6746000000000500	0.0000410402790294
1587.6838999999999900	0.0000410510074289
1587.6908000000000800	0.0000406076032959
1587.6965999999999900	0.0000409079730161
1587.7071000000000800	0.0000415194408561
1587.7200000000000300	0.0000416588991357
1587.7306000000000900	0.0000417679621023
1587.7404000000001300	0.0000421595177613
1587.7518999999999800	0.0000425296202593
1587.7640000000001200	0.0000426190163125
1587.7731000000001100	0.0000425474972872
1587.7790000000002200	0.0000428049570473
1587.7867000000001100	0.0000429712345067
1587.7993000000001300	0.0000427799277531
1587.8121000000001000	0.0000426029218943
1587.8221000000000900	0.0000426637125202
1587.8315000000000000	0.0000426833794336
1587.8424999999999700	0.0000427012600994
1587.8533999999999600	0.0000423186429543
1587.8610000000001000	0.0000424223435402
1587.8670999999999300	0.0000426833794336
1587.8777999999999800	0.0000423544006480
1587.8904000000000000	0.0000417786905018
1587.9008999999998600	0.0000421845506935
1587.9105999999999300	0.0000424473728344
1587.9219000000000500	0.0000422524899477
1587.9332999999999200	0.0000419324533141
1587.9415000000001300	0.0000416982329625
1587.9475999999999600	0.0000423490382673
1587.9563000000000500	0.0000423847959610
1587.9689000000000700	0.0000420254255005
1587.9801000000002200	0.0000414228961745
1587.9888000000000800	0.0000421112454205
1587.9983999999999400	0.0000423275851062
1588.0106000000000700	0.0000420039687015
1588.0208000000002300	0.0000411296750826
1588.0280999999999900	0.0000414175301557
1588.0345999999999500	0.0000419503303419
1588.0463999999999500	0.0000416267175751
1588.0599000000002000	0.0000406898470828
1588.0705000000000400	0.0000401177130698
1588.0808000000001800	0.0000408900923503
1588.0931000000000500	0.0000409294298152
1588.1050000000000200	0.0000399049495172
1588.1136000000001300	0.0000392326910514
1588.1198000000001700	0.0000397368821723
1588.1296000000002100	0.0000397440344386
1588.1437000000000800	0.0000389501983591
1588.1558000000000000	0.0000390431705455
1588.1651000000001600	0.0000392058718717
1588.1755000000000500	0.0000390574750782
1588.1868000000001700	0.0000393328118662
1588.1961000000001100	0.0000396474861191
1588.2015000000001200	0.0000396707291657
1588.2083000000002300	0.0000400676508434
1588.2200000000000300	0.0000406058134104
1588.2324000000001000	0.0000407059378631
1588.2418999999999800	0.0000407846055168
1588.2519999999999500	0.0000414175301557
1588.2633000000000700	0.0000416374459746
1588.2735000000000100	0.0000416767798015
1588.2806000000000500	0.0000416606890212
1588.2872999999999600	0.0000418502095272
1588.2984999999998700	0.0000419503303419
1588.3113000000000700	0.0000419556963607
1588.3214000000000400	0.0000422220946348
1588.3305000000000300	0.0000419878779212
1588.3418000000001500	0.0000416696275352
1588.3529000000000900	0.0000413996531279
1588.3611000000000800	0.0000418698764406
1588.3672000000001400	0.0000422203083872
1588.3761999999999200	0.0000412691333622
1588.3901000000000700	0.0000408686391893
1588.4021999999999900	0.0000415444737882
1588.4122999999999600	0.0000421130316681
1588.4233000000001500	0.0000414926253143
1588.4354000000000700	0.0000409526728617
1588.4458999999999400	0.0000413478010159
1588.4530000000002000	0.0000420915785071
1588.4599000000000600	0.0000420486685471
1588.4716000000000800	0.0000410277643823
1588.4848999999999200	0.0000408185769629
1588.4954999999999900	0.0000419503303419
1588.5056000000001800	0.0000421434269811
1588.5169000000000800	0.0000410259744967
1588.5275000000001400	0.0000405646933359
1588.5357999999998800	0.0000410831889894
1588.5419000000001700	0.0000417196897615
1588.5517999999999600	0.0000410206121160
1588.5651000000000300	0.0000399460695917
1588.5769000000000200	0.0000395116039726
1588.5866000000000900	0.0000403698068112
1588.5974000000001000	0.0000404359598178
1588.6088999999999500	0.0000392684487451
1588.6179999999999400	0.0000386283718399
1588.6240000000000200	0.0000392094480048
1588.6319000000000800	0.0000392827532778
1588.6444999999998800	0.0000387141917599
1588.6558999999999700	0.0000387839208997
1588.6649999999999600	0.0000388447115256
1588.6746000000000500	0.0000390074128518
1588.6856000000000200	0.0000395276983909
1588.6952000000001100	0.0000398012489313
1588.7020000000000000	0.0000397458243242
1588.7084000000002100	0.0000403483536502
1588.7196000000001300	0.0000410831889894
1588.7319999999999700	0.0000413817724620
1588.7426000000000400	0.0000416606890212
1588.7526000000002500	0.0000419771495217
1588.7642000000000700	0.0000422578559665
1588.7756000000001700	0.0000426798033004
1588.7842000000000500	0.0000429122337664
1588.7906000000000400	0.0000428371422458
1588.8007000000002300	0.0000426905316999
1588.8142000000000300	0.0000428800522059
1588.8260000000000200	0.0000433359709859
1588.8357000000000900	0.0000431410880992
1588.8465000000001000	0.0000427012600994
1588.8578000000000000	0.0000421416407335
1588.8674000000000900	0.0000427101986133
1588.8737000000001000	0.0000431804219261
1588.8813000000000100	0.0000424616773671
1588.8936000000001000	0.0000417035989813
1588.9065000000000500	0.0000421291224484
1588.9165000000000400	0.0000429104475188
1588.9266000000000100	0.0000424420104537
1588.9378999999999000	0.0000418663003074
1588.9480000000000900	0.0000419270872953
1588.9551000000001300	0.0000426958940807
1588.9619999999999900	0.0000428442945122
1588.9740000000001600	0.0000420254255005
1588.9864000000000000	0.0000418788149545
1588.9962000000000400	0.0000429122337664
1589.0061000000000600	0.0000431536027463
1589.0172999999999800	0.0000420862124884
1589.0283000000001700	0.0000418716626882
1589.0368000000000800	0.0000426333172072
1589.0426999999999700	0.0000430284489994
1589.0531000000000800	0.0000420880023739
1589.0667000000000800	0.0000417608134740
1589.0782000000001500	0.0000412959525420
1589.0886000000000400	0.0000423204328399
1589.1006999999999600	0.0000422149460064
1589.1123000000000000	0.0000409598214901
1589.1213000000002400	0.0000408400337619
1589.1277999999999800	0.0000414300448028
1589.1365000000000700	0.0000415927461290
1589.1494999999999900	0.0000407685147366
1589.1621000000002300	0.0000410617358284
1589.1717999999998500	0.0000412011941080
1589.1817000000000900	0.0000412888002757
1589.1926000000000800	0.0000414336209360
1589.2023999999999000	0.0000417214760091
1589.2090000000000600	0.0000415998983954
1589.2152000000000900	0.0000418591480411
1589.2264999999999900	0.0000423061283072
1589.2386999999998800	0.0000423722813139
1589.2482999999999700	0.0000424634672527
1589.2583000000001900	0.0000428907806054
1589.2699000000000000	0.0000429247484135
1589.2803000000001200	0.0000429390529462
1589.2880000000000100	0.0000429569336120
1589.2943999999999900	0.0000425832549809
1589.3043000000000100	0.0000422113698733
1589.3162999999999500	0.0000423222190875
1589.3273000000001500	0.0000422399753006
1589.3364000000001400	0.0000419735733885
1589.3469000000000000	0.0000414050155086
1589.3577000000000200	0.0000409830645367
1589.3667000000000400	0.0000413853485952
1589.3729000000000700	0.0000415945360146
1589.3813000000000100	0.0000406362087233
1589.3940999999999800	0.0000402375007980
1589.4066000000000200	0.0000405003265769
1589.4168000000001900	0.0000408954583691
1589.4281000000000800	0.0000401767138101
1589.4400000000000500	0.0000402375007980
1589.4507000000001000	0.0000402982914238
1589.4578999999998800	0.0000406505132560
1589.4653000000000700	0.0000403984158766
1589.4776999999999100	0.0000403626581829
1589.4917000000000400	0.0000404913880629
1589.5024000000000800	0.0000410223983636
1589.5126000000000200	0.0000410760367231
1589.5238000000001600	0.0000407363331760
1589.5346000000001800	0.0000407846055168
1589.5428999999999200	0.0000412959525420
1589.5486000000000800	0.0000413603156630
1589.5585999999998400	0.0000408203632105
1589.5712000000000900	0.0000407542102039
1589.5821000000000800	0.0000407399093092
1589.5914999999999900	0.0000415855938627
1589.6032000000000100	0.0000409741260228
1589.6145000000001300	0.0000402518053306
1589.6233999999999400	0.0000403394151363
1589.6295999999999800	0.0000413978632423
1589.6384000000000400	0.0000409490967286
1589.6509000000000900	0.0000400944700232
1589.6619000000000600	0.0000402196237701
1589.6710000000000500	0.0000406898470828
1589.6810000000000400	0.0000407989100495
1589.6921000000002100	0.0000404431120842
1589.7016000000001000	0.0000401588331442
1589.7082000000000300	0.0000405271457566
1589.7149999999999200	0.0000409151252825
1589.7264999999999900	0.0000409830645367
1589.7391000000000100	0.0000401677716582
1589.7494000000001500	0.0000405825703638
1589.7592999999999400	0.0000413191955886
1589.7707000000000300	0.0000411636465287
1589.7820000000001500	0.0000403036538046
1589.7899999999999600	0.0000403787489631
1589.7962000000000000	0.0000407399093092
1589.8066999999998600	0.0000404967504437
1589.8202000000001100	0.0000399246164307
1589.8319000000001300	0.0000395080314775
1589.8414999999999900	0.0000395902752643
1589.8524000000002100	0.0000397601252189
1589.8633999999999500	0.0000391021712858
1589.8720000000000700	0.0000389376837120
1589.8780000000001500	0.0000389931083191
1589.8859000000002200	0.0000388232547266
1589.8986999999999600	0.0000383744882129
1589.9103999999999800	0.0000385032180930
1589.9198000000001200	0.0000385318235203
1589.9298000000001100	0.0000383065453207
1589.9420999999999800	0.0000380097517336
1589.9524000000001200	0.0000381027239200
1589.9594000000001800	0.0000382815160265
1589.9658999999999200	0.0000382654252462
1589.9777999999998900	0.0000379435987270
1589.9905000000001100	0.0000378881704819
1590.0003999999999000	0.0000381956961064
1590.0099999999999900	0.0000383941551263
1590.0216000000000300	0.0000379990233341
1590.0320999999999000	0.0000377469259547
1590.0400999999999400	0.0000381492100132
1590.0461000000000200	0.0000384620943805
1590.0557000000001100	0.0000380061756005
1590.0692000000001400	0.0000376432253688
1590.0808999999999300	0.0000378452605219
1590.0912000000000700	0.0000384549421142
1590.1027000000001400	0.0000379543271265
1590.1150000000000100	0.0000375198615075
1590.1250000000000000	0.0000375073432224
1590.1316000000001600	0.0000379167795472
1590.1401000000000700	0.0000376360767405
1590.1533999999999200	0.0000374107985408
1590.1662999999998600	0.0000372552494809
1590.1757000000000000	0.0000374751616619
1590.1854000000000700	0.0000373875554942
1590.1969999999998900	0.0000372767026420
1590.2068000000001600	0.0000371479727619
1590.2132000000001400	0.0000374697992811
1590.2191000000000200	0.0000376342868549
1590.2298000000000700	0.0000374715855287
1590.2418999999999800	0.0000370710913558
1590.2512000000001500	0.0000376807729481
1590.2603000000001400	0.0000382690013794
1590.2717999999999800	0.0000378452605219
1590.2828000000001800	0.0000371050628019
1590.2903999999998600	0.0000373428556486
1590.2961000000000200	0.0000382332400477
1590.3056999999998900	0.0000380776909878
1590.3187000000000300	0.0000369977860828
1590.3294000000000800	0.0000369781191694
1590.3384000000000900	0.0000376038915419
1590.3491000000001300	0.0000378130789613
1590.3610000000001000	0.0000367617794836
1590.3701999999998400	0.0000367671455024
1590.3764000000001000	0.0000366884778487
1590.3840000000000100	0.0000370263951481
1590.3967999999999800	0.0000363451945304
1590.4097000000001600	0.0000360966732842
1590.4198000000001200	0.0000361646161764
1590.4309000000000600	0.0000363040744560
1590.4429000000000100	0.0000360752201232
1590.4538000000000000	0.0000358874858648
1590.4613999999999100	0.0000358821234840
1590.4683000000000000	0.0000360734302376
1590.4800000000002400	0.0000361145539500
1590.4938999999999400	0.0000360144294973
1590.5048000000001600	0.0000360287340300
1590.5139000000001500	0.0000363273175026
1590.5251000000000600	0.0000365096857422
1590.5368000000000800	0.0000364131374226
1590.5453999999999700	0.0000364417428500
1590.5508999999999500	0.0000367385364370
1590.5600999999999200	0.0000368476030417
1590.5729999999998600	0.0000370550005755
1590.5843999999999600	0.0000372016111214
1590.5934999999999500	0.0000372874310415
1590.6045000000001400	0.0000370943344024
1590.6166000000000600	0.0000371783680748
1590.6261000000001800	0.0000374197370547
1590.6320000000000600	0.0000374644332624
1590.6397000000001700	0.0000370067282347
1590.6522000000002200	0.0000370210291294
1590.6637000000000600	0.0000371247297153
1590.6728000000000500	0.0000373821894755
1590.6829000000000200	0.0000368887231161
1590.6941999999999100	0.0000366884778487
1590.7037000000000200	0.0000370281813957
1590.7108000000000600	0.0000373517941625
1590.7168999999998900	0.0000372320064344
1590.7275000000001900	0.0000367778739019
1590.7397000000000800	0.0000366741733160
1590.7505000000001000	0.0000374304654542
1590.7606000000000700	0.0000377469259547
1590.7717999999999800	0.0000369495137420
1590.7830999999998700	0.0000368154178432
1590.7916000000000100	0.0000371122150682
1590.7977000000000800	0.0000376807729481
1590.8069000000000400	0.0000370246052626
1590.8201000000001400	0.0000369048138964
1590.8317999999999300	0.0000369816953025
1590.8418000000001500	0.0000374697992811
1590.8526000000001600	0.0000370925481548
1590.8642999999999600	0.0000368815708498
1590.8735000000001500	0.0000365704727301
1590.8804999999999800	0.0000370406960428
1590.8872000000001200	0.0000370424859284
1590.8986999999999600	0.0000366384156223
1590.9104000000002100	0.0000364542574971
1590.9199000000001000	0.0000366008680430
1590.9297000000001400	0.0000367582069885
1590.9414000000001600	0.0000363255276170
1590.9524999999998700	0.0000361377969966
1590.9599000000000600	0.0000363165891031
1590.9655999999999900	0.0000364596235158
1590.9761000000000900	0.0000363416183973
1590.9895000000001300	0.0000359876103175
1590.9998000000000500	0.0000364488951163
1591.0090000000002400	0.0000369334229617
1591.0202000000001600	0.0000369101799151
1591.0322000000001000	0.0000363094368367
1591.0408999999999600	0.0000369316330762
1591.0464000000001700	0.0000377147443942
1591.0551000000000400	0.0000377594406018
1591.0680999999999600	0.0000373410694010
1591.0802000000001000	0.0000376682583010
1591.0900999999998900	0.0000383423030144
1591.1008999999999100	0.0000385246712540
1591.1131000000000300	0.0000379418088414
1591.1235999999998900	0.0000378881704819
1591.1307000000001600	0.0000381206009479
1591.1375000000000400	0.0000382117868867
1591.1496999999999400	0.0000379865086870
1591.1634000000001400	0.0000377630167350
1591.1740999999999500	0.0000377791075152
1591.1846000000000400	0.0000378756558348
1591.1964000000000400	0.0000378398981411
1591.2067999999999300	0.0000377576543542
1591.2144000000000700	0.0000376807729481
1591.2202000000002000	0.0000376718344341
1591.2293999999999400	0.0000378738695872
1591.2408000000000300	0.0000380079618481
1591.2509000000000000	0.0000379972370865
1591.2594999999998900	0.0000379203556804
1591.2704000000001100	0.0000379525372409
1591.2808999999999700	0.0000381402678613
1591.2893000000001400	0.0000385425519198
1591.2948000000001200	0.0000382618491130
1591.3029000000001300	0.0000381152385671
1591.3152000000000000	0.0000383494552807
1591.3260000000000200	0.0000387946492992
1591.3346000000001300	0.0000389466222259
1591.3442000000000000	0.0000381688769266
1591.3558000000000400	0.0000382439684472
1591.3662000000001600	0.0000383870028600
1591.3732999999999700	0.0000390324421460
1591.3788999999999300	0.0000379114135285
1591.3907000000001500	0.0000378238073608
1591.4043000000001500	0.0000380616002076
1591.4151999999999100	0.0000381420577469
1591.4249999999999500	0.0000375627714675
1591.4369000000001500	0.0000371908827219
1591.4485999999999400	0.0000369173321815
1591.4570999999998500	0.0000373893417418
1591.4631000000001700	0.0000373947041226
1591.4730999999999300	0.0000369924237020
1591.4863000000000300	0.0000365901396435
1591.4979000000000700	0.0000373231887352
1591.5068000000001100	0.0000378416880267
1591.5178000000000800	0.0000377058058803
1591.5300999999999500	0.0000370514244423
1591.5398999999999900	0.0000377415635739
1591.5455999999999200	0.0000386033425457
1591.5527000000001800	0.0000387910731661
1591.5657999999998500	0.0000380347810278
1591.5782000000001500	0.0000382511207135
1591.5878000000002400	0.0000391987196053
1591.5976000000000500	0.0000392273250327
1591.6098000000001800	0.0000387714062526
1591.6209000000001200	0.0000383995175071
1591.6283000000000800	0.0000388572261727
1591.6340000000000100	0.0000390538989450
1591.6454000000001100	0.0000386444626201
1591.6585000000000000	0.0000381402678613
1591.6682000000000700	0.0000381384816137
1591.6770000000001300	0.0000383405167668
1591.6885000000002000	0.0000381027239200
1591.6999000000000700	0.0000377272590413
1591.7079000000001100	0.0000377630167350
1591.7133000000001200	0.0000377433498215
1591.7224000000001000	0.0000377916258003
1591.7355000000000000	0.0000377290489268
1591.7472000000000200	0.0000374894661945
1591.7559000000001100	0.0000375681338483
1591.7666000000001500	0.0000375234376406
1591.7786000000000900	0.0000376789867005
1591.7888000000000400	0.0000376611060346
1591.7948000000001200	0.0000375413146685
1591.8019000000001600	0.0000375860145141
1591.8141000000000500	0.0000376092575607
1591.8266000000001000	0.0000378542026738
1591.8369000000000100	0.0000378988988814
1591.8466000000000800	0.0000376271345885
1591.8580999999999200	0.0000375466806872
1591.8682999999998600	0.0000377218966605
1591.8759000000000000	0.0000380258425139
1591.8813999999999800	0.0000376485913876
1591.8925999999999000	0.0000375037707272
1591.9049000000002200	0.0000376181960746
1591.9149999999999600	0.0000377022297471
1591.9243999999998800	0.0000375359522877
1591.9361000000001200	0.0000371140013158
1591.9471000000000900	0.0000370174529962
1591.9549999999999300	0.0000373303410015
1591.9607000000000900	0.0000372731265088
1591.9696999999998700	0.0000370138768631
1591.9828000000000000	0.0000368225701095
1591.9935000000000400	0.0000371068490495
1592.0023000000001000	0.0000374197370547
1592.0125000000000400	0.0000371336682292
1592.0246999999999400	0.0000367349639419
1592.0347999999999000	0.0000371890928363
1592.0409999999999400	0.0000375091331080
1592.0488000000000300	0.0000372606118617
1592.0622000000000700	0.0000370550005755
1592.0755000000001500	0.0000370067282347
1592.0859000000000400	0.0000373285511159
1592.0967000000000500	0.0000369262706954
1592.1089999999999200	0.0000363863182429
1592.1200000000001200	0.0000364149236702
1592.1266000000000500	0.0000365293526556
1592.1333999999999400	0.0000361377969966
1592.1455000000000800	0.0000355853298970
1592.1593000000002600	0.0000352635033778
1592.1703999999999700	0.0000354226285708
1592.1811000000000100	0.0000350704067387
1592.1933999999998800	0.0000347003078787
1592.2048999999999500	0.0000344303298334
1592.2131999999999100	0.0000347306995536
1592.2187000000001200	0.0000347181849065
1592.2287000000001200	0.0000346413035004
1592.2419000000002100	0.0000343284191331
1592.2527000000002300	0.0000345340304193
1592.2616000000000400	0.0000348040048266
1592.2719000000001800	0.0000348147332261
1592.2835000000000000	0.0000345376065525
1592.2929999999998900	0.0000346484557667
1592.2984000000001300	0.0000352009265043
1592.3061999999999900	0.0000351901981048
1592.3186000000000600	0.0000350203445123
1592.3296000000000300	0.0000351598027919
1592.3383999999998600	0.0000356300261046
1592.3479000000002100	0.0000355889023922
1592.3591000000001200	0.0000353797186108
1592.3693000000000600	0.0000355477823177
1592.3761000000001800	0.0000359822479368
1592.3820000000000600	0.0000358964280167
1592.3937000000000800	0.0000356568452844
1592.4072000000001000	0.0000357015414920
1592.4180000000001200	0.0000358856996172
1592.4275999999999800	0.0000357104836439
1592.4393999999999800	0.0000354315670847
1592.4504999999999200	0.0000352044989995
1592.4584999999999600	0.0000356997552444
1592.4645000000000400	0.0000355567208317
1592.4748999999999300	0.0000354029616574
1592.4884999999999300	0.0000346716988133
1592.5002000000001800	0.0000351490743924
1592.5107000000000400	0.0000354119001713
1592.5219999999999300	0.0000354834155587
1592.5334000000000300	0.0000346287888533
1592.5417999999999600	0.0000346770648321
1592.5477000000000800	0.0000356836644642
1592.5570000000000100	0.0000357283606718
1592.5706000000000100	0.0000348236717400
1592.5818000000001600	0.0000342819330399
1592.5905999999999900	0.0000352527749783
1592.6016000000001900	0.0000355728116119
1592.6141000000000100	0.0000349953152181
1592.6237000000001000	0.0000340602309734
1592.6299000000001300	0.0000345536973327
1592.6367999999999900	0.0000351794697053
1592.6491000000000900	0.0000348934008798
1592.6605999999999300	0.0000340816841344
1592.6693999999999900	0.0000338671343343
1592.6786999999999300	0.0000344035106536
1592.6905999999999000	0.0000345930311596
1592.7010999999999900	0.0000341496270266
1592.7085000000001800	0.0000336400698870
1592.7143000000000900	0.0000338009813277
1592.7257999999999300	0.0000340870501532
1592.7391000000000100	0.0000341263839800
1592.7501999999999500	0.0000337741621479
1592.7599000000000100	0.0000334916694555
1592.7717999999999800	0.0000336615230481
1592.7828999999999200	0.0000339744110534
1592.7913000000000900	0.0000340244732797
1592.7969000000000500	0.0000338546196872
1592.8061000000000100	0.0000335417316819
1592.8191000000001600	0.0000335900076607
1592.8306999999999800	0.0000340852602676
1592.8401999999998700	0.0000340995648003
1592.8504000000000300	0.0000335667646141
1592.8615000000002000	0.0000334791548084
1592.8704999999999900	0.0000340351980412
1592.8765000000000800	0.0000340781080013
1592.8836000000001100	0.0000338528298016
1592.8956000000000600	0.0000334040632879
1592.9069999999999200	0.0000334255164489
1592.9157999999999900	0.0000340065926139
1592.9264000000000600	0.0000338242243743
1592.9385000000002000	0.0000334505493811
1592.9488000000001200	0.0000330429029418
1592.9553000000000800	0.0000336722514476
1592.9612999999999400	0.0000335095501214
1592.9724000000001000	0.0000333987009071
1592.9844000000000500	0.0000327943816956
1592.9932000000001100	0.0000331358751282
1593.0018000000000000	0.0000333361203957
1593.0134000000000400	0.0000333164534823
1593.0251000000000600	0.0000324439497490
1593.0335999999999800	0.0000329427784891
1593.0386000000000900	0.0000332699673891
1593.0481999999999500	0.0000329839022015
1593.0614000000000500	0.0000323348867823
1593.0731000000000700	0.0000326424087689
1593.0826999999999300	0.0000331626943080
1593.0944999999999200	0.0000330089314957
1593.1068000000002500	0.0000325816181430
1593.1160999999999600	0.0000325869841618
1593.1218000000001200	0.0000329982030962
1593.1296999999999600	0.0000331054798153
1593.1429000000000500	0.0000327085617755
1593.1551999999999200	0.0000324975844705
1593.1651000000001600	0.0000328712631017
1593.1759000000001800	0.0000329392023559
1593.1889000000001000	0.0000326406188833
1593.1996000000001400	0.0000320684848703
1593.2065999999999800	0.0000326817425957
1593.2132000000001400	0.0000326584995491
1593.2261000000000900	0.0000324296452163
1593.2391000000000100	0.0000320041181112
1593.2482000000000000	0.0000323080676026
1593.2574000000001900	0.0000324403736158
1593.2694000000001300	0.0000323259446304
1593.2812000000001200	0.0000315285324177
1593.2891000000001900	0.0000319522696373
1593.2938999999998900	0.0000324618267769
1593.3034999999999800	0.0000322240339301
1593.3166000000001100	0.0000317824160447
1593.3266000000001000	0.0000320076942444
1593.3338000000001100	0.0000325083128700
1593.3432000000000200	0.0000323795829900
1593.3558000000000400	0.0000322740961565
1593.3651999999999600	0.0000321078186971
1593.3704999999999900	0.0000324707689288
1593.3774000000000800	0.0000327389570884
1593.3910000000000700	0.0000326102272084
1593.4036000000000900	0.0000322937630699
1593.4135000000001100	0.0000327335910697
1593.4234999999998700	0.0000327121379087
1593.4361000000001200	0.0000321882762364
1593.4467999999999400	0.0000319254504575
1593.4538000000000000	0.0000322848245560
1593.4607000000000900	0.0000319236642099
1593.4728999999999800	0.0000312639203912
1593.4863000000000300	0.0000311637959385
1593.4968000000001200	0.0000314480748784
1593.5063999999999800	0.0000312138581648
1593.5175999999999000	0.0000304289605992
1593.5289000000000200	0.0000299444327538
1593.5367000000001100	0.0000308187263727
1593.5418999999999400	0.0000311906151182
1593.5523000000000600	0.0000301786494674
1593.5647000000001300	0.0000297227306874
1593.5743999999999700	0.0000304611421598
1593.5833000000000100	0.0000312120719173
1593.5944999999999200	0.0000305880857923
1593.6072000000001500	0.0000305791472783
1593.6171000000001600	0.0000308830931317
1593.6230000000000500	0.0000314570170303
1593.6314999999999600	0.0000316143523378
1593.6448000000000300	0.0000313086165988
1593.6565000000000500	0.0000314945609716
1593.6647000000002600	0.0000320649087371
1593.6743000000001300	0.0000319808750646
1593.6861000000001200	0.0000316107762046
1593.6968000000001600	0.0000317466583510
1593.7036000000000500	0.0000321149709634
1593.7092999999999800	0.0000320935141644
1593.7213999999999000	0.0000319129358104
1593.7349999999999000	0.0000319808750646
1593.7454999999999900	0.0000318664497172
1593.7553000000000300	0.0000320541803376
1593.7673999999999500	0.0000319379651046
1593.7794000000001200	0.0000316358091368
1593.7874000000001600	0.0000318753882311
1593.7931000000000900	0.0000320684848703
1593.8031000000000800	0.0000312925258186
1593.8165999999998800	0.0000312514057441
1593.8283000000001200	0.0000319343889714
1593.8373000000001400	0.0000318074489769
1593.8478000000000000	0.0000312746487907
1593.8600000000001300	0.0000315535617119
1593.8701000000000900	0.0000319969694829
1593.8752000000001800	0.0000319236642099
1593.8825000000001600	0.0000316715668305
1593.8952999999999000	0.0000312460397254
1593.9073000000000800	0.0000319308164762
1593.9161999999998900	0.0000324314314639
1593.9254000000000800	0.0000322526393575
1593.9377000000001800	0.0000311691583192
1593.9491000000000400	0.0000310940667987
1593.9555000000000300	0.0000324993743561
1593.9610000000000100	0.0000324278589687
1593.9726000000000500	0.0000313515265589
1593.9851000000001000	0.0000303181077470
1593.9941000000001100	0.0000307454210997
1594.0025000000000500	0.0000322061532643
1594.0134000000000400	0.0000319451173709
1594.0249999999998600	0.0000298729173664
1594.0335999999999800	0.0000300892534142
1594.0385999999998600	0.0000314713179250
1594.0482999999999200	0.0000319504833897
1594.0628000000001500	0.0000306292058667
1594.0751000000000200	0.0000301750733342
1594.0840000000000600	0.0000304647182929
1594.0942999999999700	0.0000319629980368
1594.1070000000002000	0.0000324385837303
1594.1178999999999600	0.0000311745243380
1594.1242999999999500	0.0000303717461065
1594.1318000000001100	0.0000314319840982
1594.1444999999998800	0.0000324314314639
1594.1576000000000000	0.0000322812484228
1594.1676000000002200	0.0000310940667987
1594.1774000000000300	0.0000300981955661
1594.1886999999999200	0.0000314588032779
1594.1993999999999700	0.0000327765010297
1594.2065000000000000	0.0000319486935041
1594.2122000000001600	0.0000297459737340
1594.2238999999999600	0.0000295385762001
1594.2374999999999500	0.0000316429577651
1594.2475999999999200	0.0000320470280712
1594.2565000000001900	0.0000302215594274
1594.2684000000001500	0.0000289056515612
1594.2815000000000500	0.0000298711274809
1594.2905000000000600	0.0000314963508572
1594.2955000000001700	0.0000308455455524
1594.3046000000001600	0.0000287286457024
1594.3179999999999800	0.0000285552159767
1594.3288000000000000	0.0000306524489133
1594.3361999999999600	0.0000309653369186
1594.3454999999999000	0.0000299891325994
1594.3573999999998700	0.0000292346267088
1594.3673000000001100	0.0000301929540001
1594.3728000000001000	0.0000313479504257
1594.3782000000001000	0.0000312907395710
1594.3902000000000500	0.0000302287116938
1594.4027000000000900	0.0000303860506392
1594.4123999999999300	0.0000319558457704
1594.4212000000000000	0.0000322258238157
1594.4326000000000900	0.0000307811824314
1594.4448999999999600	0.0000306506626657
1594.4530000000002000	0.0000322097293974
1594.4581000000000600	0.0000323027015838
1594.4678999999998700	0.0000304951136059
1594.4827000000000200	0.0000301947438857
1594.4949000000001400	0.0000309993083647
1594.5036999999999800	0.0000315893230436
1594.5137999999999400	0.0000304825989588
1594.5262000000000200	0.0000296279722534
1594.5363000000002100	0.0000298603990814
1594.5416000000000100	0.0000314444987453
1594.5480000000000000	0.0000310243376589
1594.5607000000000000	0.0000296351208817
1594.5733999999999900	0.0000297030637739
1594.5827000000001600	0.0000308419694193
1594.5917000000001700	0.0000313998025376
1594.6032999999999900	0.0000305255089188
1594.6150999999999800	0.0000300141618936
1594.6225999999999200	0.0000304164459521
1594.6283000000000800	0.0000313622549584
1594.6395000000000000	0.0000311226722260
1594.6529000000000400	0.0000305004759866
1594.6630000000000100	0.0000306899964926
1594.6712000000000000	0.0000311369767587
1594.6821999999999600	0.0000313104064844
1594.6946000000000300	0.0000314069548040
1594.7039000000002000	0.0000312782249239
1594.7088000000001100	0.0000311119474645
1594.7172000000000500	0.0000308884555125
1594.7309999999999900	0.0000311494914058
1594.7436000000002400	0.0000312692827720
1594.7530000000001500	0.0000307186019199
1594.7634000000000400	0.0000302608968923
1594.7759000000000900	0.0000303324122797
1594.7870000000000300	0.0000308813032461
1594.7938000000001400	0.0000310028844979
1594.8002000000001300	0.0000298317936540
1594.8127999999999200	0.0000292918412015
1594.8264999999998900	0.0000301518339256
1594.8367000000000600	0.0000307275440719
1594.8458000000000500	0.0000299497951346
1594.8572000000001500	0.0000294903002214
1594.8688000000001900	0.0000297477599815
1594.8769999999999500	0.0000306935726258
1594.8816000000001600	0.0000305719950120
1594.8912000000000200	0.0000297280930681
1594.9050999999999500	0.0000294938763545
1594.9163000000000900	0.0000306828442262
1594.9245000000000800	0.0000309456700052
1594.9347999999999900	0.0000297567021335
1594.9471000000000900	0.0000297137921734
1594.9570000000001100	0.0000303681699734
1594.9628000000002400	0.0000306989350065
1594.9701999999999800	0.0000292542936222
1594.9831000000001500	0.0000290844436677
1594.9954999999999900	0.0000291595351882
1595.0047000000001800	0.0000301357395074
1595.0137999999999400	0.0000292078075290
1595.0256000000001700	0.0000286177964881
1595.0362000000000100	0.0000286088543362
1595.0438999999998900	0.0000300713763863
1595.0494999999998500	0.0000296100915875
1595.0612000000001000	0.0000283621229755
1595.0749000000000700	0.0000284175475826
1595.0858000000000600	0.0000292846889351
1595.0952000000002000	0.0000298800696328
1595.1072000000001500	0.0000288698902295
1595.1201000000000900	0.0000278918996628
1595.1294000000000300	0.0000289306808554
1595.1349999999999900	0.0000301053478324
1595.1442999999999300	0.0000294420278806
1595.1585000000000000	0.0000278150182567
1595.1716000000001200	0.0000282655746560
1595.1813000000001900	0.0000299068851746
1595.1920000000000100	0.0000297334590869
1595.2043000000001000	0.0000283317276626
1595.2146000000000200	0.0000279383857560
1595.2208000000000500	0.0000295457248285
1595.2277000000001400	0.0000293669327220
1595.2403999999999100	0.0000288466471829
1595.2534000000000500	0.0000274502817774
1595.2632000000001000	0.0000277434992313
1595.2733000000000600	0.0000291166252282
1595.2857999999998800	0.0000287822840619
1595.2971999999999700	0.0000272035467788
1595.3044999999999600	0.0000271087883448
1595.3100999999999200	0.0000279330197372
1595.3213000000000600	0.0000281869070022
1595.3347000000001100	0.0000273161858786
1595.3444000000001800	0.0000268495386990
1595.3525999999999400	0.0000271963981504
1595.3643000000001800	0.0000278293227893
1595.3766000000000500	0.0000276684077107
1595.3856000000000700	0.0000272124889307
1595.3911000000000500	0.0000273984333035
1595.3989999999998900	0.0000277631661447
1595.4120000000000300	0.0000276076170849
1595.4243000000001300	0.0000276129831036
1595.4334999999998700	0.0000276469545497
1595.4431000000001800	0.0000275593447441
1595.4550000000001500	0.0000275343154499
1595.4657000000002000	0.0000274592202913
1595.4723000000001300	0.0000273233381449
1595.4789000000000600	0.0000268388102995
1595.4911000000001900	0.0000267637187790
1595.5048000000001600	0.0000267601426458
1595.5155000000002000	0.0000266206843662
1595.5247999999999100	0.0000264740774583
1595.5362000000000100	0.0000262756148004
1595.5473999999999200	0.0000261218556261
1595.5557000000001100	0.0000266796851065
1595.5611000000001200	0.0000264579830400
1595.5710000000001400	0.0000256927523878
1595.5842000000000100	0.0000258626059804
1595.5953000000001800	0.0000262112516793
1595.6044000000001700	0.0000261969471467
1595.6155000000001100	0.0000256587845797
1595.6277999999999800	0.0000257159954344
1595.6376000000000200	0.0000261272180069
1595.6436000000001000	0.0000262327048404
1595.6514000000001900	0.0000259484259004
1595.6638000000000400	0.0000257088468061
1595.6762000000001100	0.0000261111272266
1595.6855000000000500	0.0000267744471785
1595.6948999999999600	0.0000264186492132
1595.7068000000001600	0.0000258286345343
1595.7174000000000000	0.0000262899193331
1595.7239000000001800	0.0000270926975645
1595.7300999999999900	0.0000267708710453
1595.7421000000001600	0.0000259949119936
1595.7556000000001800	0.0000261450986727
1595.7657000000001500	0.0000269013908110
1595.7758000000001200	0.0000268316616712
1595.7877000000000800	0.0000258608197328
1595.7992000000001500	0.0000255461454799
1595.8078000000000400	0.0000261307941400
1595.8142000000000300	0.0000263221008936
1595.8242999999999900	0.0000252636527875
1595.8382000000001400	0.0000249972508755
1595.8505000000000100	0.0000252189529419
1595.8602000000000800	0.0000254710503214
1595.8706000000001900	0.0000249489785347
1595.8815999999999300	0.0000247630341619
1595.8913000000000000	0.0000247254865826
1595.8973000000000800	0.0000252332574746
1595.9049000000000000	0.0000250634038821
1595.9166999999999900	0.0000248005817411
1595.9288000000001400	0.0000247558818955
1595.9381000000000700	0.0000252815298154
1595.9483000000000200	0.0000252565005212
1595.9590000000000600	0.0000247630341619
1595.9685000000001700	0.0000249060685746
1595.9754000000000300	0.0000254335063801
1595.9821000000001700	0.0000253387443081
1595.9936000000000100	0.0000249150070886
1596.0053000000000300	0.0000249150070886
1596.0149000000001200	0.0000254317164945
1596.0244999999999900	0.0000255103841482
1596.0362000000000100	0.0000250312223216
1596.0471999999999700	0.0000248738870141
1596.0547000000001400	0.0000252368336078
1596.0606000000000200	0.0000255926315731
1596.0711000000001100	0.0000250651937677
1596.0848000000000800	0.0000247004572884
1596.0961000000002000	0.0000250079792750
1596.1055000000001200	0.0000253745020018
1596.1166000000000600	0.0000251939236477
1596.1286000000000000	0.0000248148826358
1596.1376999999999900	0.0000251635283348
1596.1442000000001800	0.0000254567494267
1596.1534999999998900	0.0000251206183748
1596.1666000000000100	0.0000249686454481
1596.1786000000001900	0.0000252672289207
1596.1890000000000800	0.0000255550839938
1596.1997000000001200	0.0000251921337622
1596.2114000000001400	0.0000250026168942
1596.2210999999999800	0.0000253065627476
1596.2278000000001100	0.0000257320898527
1596.2353000000000500	0.0000251402852882
1596.2473999999999700	0.0000245967567025
1596.2593999999999100	0.0000246790004894
1596.2691999999999500	0.0000253476864600
1596.2799999999999700	0.0000248899777944
1596.2919000000001700	0.0000238976790570
1596.3020000000001300	0.0000238905267906
1596.3098999999999700	0.0000243982976826
1596.3170000000000100	0.0000241765956162
1596.3279999999999700	0.0000231950252783
1596.3405999999999900	0.0000231485391851
1596.3502000000000800	0.0000233452119573
1596.3596999999999700	0.0000236992200371
1596.3705999999999700	0.0000230180230574
1596.3818000000001100	0.0000228606841119
1596.3898000000001500	0.0000230072946579
1596.3958000000000100	0.0000238368920691
1596.4055000000000700	0.0000234524886764
1596.4187000000001700	0.0000231682060985
1596.4308000000000900	0.0000235847946897
1596.4405999999999000	0.0000243446593231
1596.4510000000000200	0.0000245413320954
1596.4625000000000900	0.0000241873240157
1596.4721999999999300	0.0000242159294430
1596.4784999999999400	0.0000247809148277
1596.4858999999999000	0.0000251277706411
1596.4982999999999700	0.0000248542164627
1596.5108999999999900	0.0000246056952165
1596.5208999999999800	0.0000249471886491
1596.5305000000000700	0.0000251474375546
1596.5414000000000600	0.0000247862772085
1596.5516000000000100	0.0000243178401433
1596.5593000000001200	0.0000247505195148
1596.5656000000001300	0.0000250294360740
1596.5764999999998900	0.0000247987918556
1596.5893000000000900	0.0000242105670623
1596.6001000000001100	0.0000242659916694
1596.6097000000002000	0.0000246915187745
1596.6207999999999200	0.0000249614931818
1596.6324999999999300	0.0000243750546360
1596.6409000000001000	0.0000235794286709
1596.6468999999999600	0.0000245145129156
1596.6566000000000200	0.0000251456513070
1596.6698000000001200	0.0000248828255280
1596.6805000000001600	0.0000240514418692
1596.6896999999999000	0.0000241515663220
1596.7004999999999200	0.0000248953401751
1596.7120999999999600	0.0000250777084148
1596.7219000000002300	0.0000246682757279
1596.7285000000001700	0.0000244859074883
1596.7363000000000300	0.0000244626644417
1596.7488000000000700	0.0000245949704549
1596.7614000000000900	0.0000249614931818
1596.7715000000000600	0.0000249704316957
1596.7822000000001000	0.0000244698130700
1596.7938999999998900	0.0000240156841755
1596.8047999999998800	0.0000239924411289
1596.8120999999998700	0.0000247469433816
1596.8188000000000100	0.0000245842420554
1596.8297999999999800	0.0000235275801970
1596.8436000000001500	0.0000229608085647
1596.8547000000000900	0.0000235955194512
1596.8645000000001300	0.0000245306036959
1596.8753000000001500	0.0000235490333580
1596.8867999999999900	0.0000224208561121
1596.8952999999999000	0.0000224834329856
1596.9012000000000200	0.0000236884916376
1596.9095999999999500	0.0000246986674028
1596.9220000000000200	0.0000233023019973
1596.9332999999999200	0.0000219542089326
1596.9425000000001100	0.0000235204279306
1596.9529000000000000	0.0000250491029874
1596.9637999999999900	0.0000245234514296
1596.9732000000001300	0.0000228481694649
1596.9801000000002200	0.0000227230157179
1596.9871000000000500	0.0000243750546360
1596.9982000000000000	0.0000252618629020
1597.0092999999999400	0.0000240657427639
1597.0185000000001300	0.0000227802265726
1597.0276000000001200	0.0000237546446442
1597.0381999999999600	0.0000249114309554
1597.0481999999999500	0.0000244036600634
1597.0563999999999400	0.0000228660501307
1597.0623000000000500	0.0000231342382904
1597.0725999999999600	0.0000242695678025
1597.0857000000000900	0.0000243071153818
1597.0969000000000000	0.0000234060025832
1597.1070999999999400	0.0000231270860240
1597.1190999999998900	0.0000238511929638
1597.1311000000000600	0.0000241372617893
1597.1399999999998700	0.0000234632134379
1597.1461999999999100	0.0000232075399254
1597.1546000000000700	0.0000235365187109
1597.1676999999999700	0.0000241283232754
1597.1802000000000100	0.0000236026717175
1597.1901000000000300	0.0000231539052038
1597.2007000000001000	0.0000233309074247
1597.2120999999999600	0.0000237171007029
1597.2221999999999300	0.0000236813393713
1597.2297000000000900	0.0000233058781305
1597.2363000000000300	0.0000230805999308
1597.2475000000001700	0.0000231539052038
1597.2598000000000400	0.0000233237551583
1597.2699999999999800	0.0000229465040320
1597.2799000000000000	0.0000226550728257
1597.2911000000001400	0.0000223904607992
1597.3018000000001800	0.0000221723348659
1597.3098000000002200	0.0000220257243200
1597.3162999999999500	0.0000220024812734
1597.3260000000000200	0.0000215537147596
1597.3391000000001400	0.0000210602484003
1597.3500000000001300	0.0000209493955481
1597.3590000000001500	0.0000209869431274
1597.3698999999999100	0.0000209190002352
1597.3813999999999800	0.0000206651166081
1597.3906000000001700	0.0000201680741156
1597.3967000000000100	0.0000204827483685
1597.4039000000000200	0.0000208886049222
1597.4159999999999400	0.0000211138831219
1597.4277999999999300	0.0000205274445761
1597.4371000000001000	0.0000199213391170
1597.4474999999999900	0.0000212247359741
1597.4590000000000600	0.0000221222726395
1597.4699000000000500	0.0000215626532736
1597.4769000000001100	0.0000201698603632
1597.4827000000000200	0.0000209672762139
1597.4926000000000400	0.0000222563685384
1597.5056000000001800	0.0000223672177526
1597.5163000000000000	0.0000209815771086
1597.5256000000001700	0.0000207437842619
1597.5365999999999100	0.0000223100032599
1597.5479000000000200	0.0000225567382586
1597.5567999999998400	0.0000217629021790
1597.5625999999999700	0.0000208957571886
1597.5705000000000400	0.0000216252301470
1597.5825999999999500	0.0000225138282985
1597.5938000000001000	0.0000221347872866
1597.6032999999999900	0.0000211550068343
1597.6135999999999000	0.0000212122213270
1597.6245000000001200	0.0000221294249059
1597.6343000000001600	0.0000221848495130
1597.6417000000001300	0.0000211514307011
1597.6487999999999400	0.0000209368809010
1597.6594999999999800	0.0000216162916331
1597.6717999999998500	0.0000219702997128
1597.6818000000000600	0.0000210995822272
1597.6908000000000800	0.0000207866942219
1597.7018000000000500	0.0000212730083149
1597.7128000000000100	0.0000216985354200
1597.7214000000001300	0.0000212783743336
1597.7271000000000600	0.0000207348457479
1597.7358999999999000	0.0000209672762139
1597.7485000000001500	0.0000217611122935
1597.7601999999999400	0.0000214196188608
1597.7703999999998800	0.0000208331803151
1597.7821000000001300	0.0000207366319955
1597.7942000000000400	0.0000209333047678
1597.8039000000001100	0.0000211478545680
1597.8105000000000500	0.0000208725141420
1597.8179999999999800	0.0000203021663765
1597.8301000000001300	0.0000202789233299
1597.8431000000000500	0.0000205238684430
1597.8535999999999100	0.0000204863245017
1597.8633999999999500	0.0000201001312234
1597.8747000000000700	0.0000197765184566
1597.8855000000000900	0.0000200572212634
1597.8938000000000500	0.0000202985902433
1597.8996999999999400	0.0000202914416150
1597.9089000000001300	0.0000199231290026
1597.9214000000001700	0.0000195601787709
1597.9322999999999400	0.0000201948932954
1597.9417000000000800	0.0000206543882086
1597.9522999999999200	0.0000204058669624
1597.9629999999999600	0.0000194725726033
1597.9722000000001600	0.0000196030887309
1597.9786000000001400	0.0000207706034416
1597.9862000000000500	0.0000209815771086
1597.9973000000002200	0.0000200464965019
1598.0081999999999900	0.0000192651714315
1598.0173999999999500	0.0000202503179025
1598.0268999999998400	0.0000212068553083
1598.0376000000001100	0.0000206597505894
1598.0468000000000700	0.0000193992673303
1598.0534000000002400	0.0000197050030692
1598.0594000000000900	0.0000209923055081
1598.0706999999999900	0.0000209780009754
1598.0831000000000600	0.0000197711560759
1598.0929000000001000	0.0000194028434635
1598.1029000000000900	0.0000201716502488
1598.1149000000000300	0.0000209565478144
1598.1273000000001000	0.0000200894064619
1598.1360000000001900	0.0000191721992451
1598.1413999999999700	0.0000195369357243
1598.1503999999999900	0.0000204755961022
1598.1641999999999400	0.0000200447066163
1598.1759999999999300	0.0000192544466699
1598.1849999999999400	0.0000191668368643
1598.1947999999999800	0.0000199106143555
1598.2069000000001300	0.0000202771370823
1598.2167999999999200	0.0000196459986910
1598.2232000000001300	0.0000192419283849
1598.2298000000000700	0.0000195816355699
1598.2423000000001100	0.0000202109840757
1598.2545999999999800	0.0000200232534553
1598.2645000000000000	0.0000194511158043
1598.2744999999999900	0.0000195816355699
1598.2859000000000800	0.0000198069137696
1598.2965999999999000	0.0000197818808374
1598.3045999999999300	0.0000198587622435
1598.3107999999999700	0.0000195351494767
1598.3211000000001100	0.0000192347797565
1598.3336000000001600	0.0000193778105313
1598.3442000000000000	0.0000197532754100
1598.3536000000001400	0.0000194993917830
1598.3641999999999800	0.0000190255923371
1598.3751999999999500	0.0000188485846593
1598.3845000000001100	0.0000193062951439
1598.3909000000001000	0.0000193796004169
1598.3994000000000100	0.0000192204752238
1598.4122999999999600	0.0000185714579857
1598.4242000000001500	0.0000186429733731
1598.4347000000000200	0.0000194099957298
1598.4460999999998900	0.0000194922395167
1598.4578000000001300	0.0000187752812053
1598.4678000000001200	0.0000182067215064
1598.4749999999999100	0.0000193617197510
1598.4818999999999900	0.0000197550652956
1598.4940000000001400	0.0000191829276446
1598.5070000000000600	0.0000185821845662
1598.5174999999999300	0.0000188843441720
1598.5270000000000400	0.0000198462475964
1598.5375000000001300	0.0000196299079107
1598.5478000000000500	0.0000187252189789
1598.5556000000001400	0.0000190238024516
1598.5609999999999200	0.0000198766429094
1598.5705000000000400	0.0000196442124434
1598.5836000000001600	0.0000191453837033
1598.5946000000001300	0.0000191364415514
1598.6034000000001900	0.0000196263317775
1598.6134000000001800	0.0000197318222490
1598.6249000000002500	0.0000192043844436
1598.6340999999999900	0.0000189129495993
1598.6404000000000000	0.0000192633851839
1598.6485000000000100	0.0000195637549041
1598.6610000000000600	0.0000190506216313
1598.6728000000000500	0.0000187484620255
1598.6820000000000100	0.0000189451347978
1598.6922000000001800	0.0000192437182704
1598.7037000000000200	0.0000189290440176
1598.7137000000000200	0.0000186233064596
1598.7204000000001500	0.0000187091263797
1598.7268000000001400	0.0000189075872186
1598.7389000000000600	0.0000188307058124
1598.7522000000001300	0.0000186823090189
1598.7631000000001200	0.0000185249718925
1598.7735000000000100	0.0000186179422599
1598.7853000000000000	0.0000186465495062
1598.7970000000000200	0.0000186626421055
1598.8053999999999600	0.0000187699170056
1598.8117000000002000	0.0000188754038390
1598.8223000000000400	0.0000186733686860
1598.8356000000001100	0.0000186733686860
1598.8469000000002300	0.0000188771919056
1598.8571000000001700	0.0000191024701053
1598.8676000000000400	0.0000189022230188
1598.8786999999999800	0.0000184159071068
1598.8877000000002200	0.0000187198547792
1598.8939000000000300	0.0000190828031918
1598.9028000000000700	0.0000188914946193
1598.9157000000000100	0.0000180690512934
1598.9276999999999600	0.0000181709619937
1598.9375999999999700	0.0000188414342119
1598.9485999999999400	0.0000188467965927
1598.9601000000000100	0.0000180583228939
1598.9703000000001800	0.0000177937108674
1598.9774999999999600	0.0000184945765795
1598.9845000000000200	0.0000187252189789
1598.9959999999998700	0.0000181459308806
1599.0083000000001900	0.0000177597412403
1599.0181000000000000	0.0000181495070137
1599.0272999999999700	0.0000187162786460
1599.0377000000000800	0.0000183479660336
1599.0478000000000500	0.0000179599883268
1599.0554999999999400	0.0000182102976396
1599.0610999999998900	0.0000185857606994
1599.0714000000000400	0.0000182692983799
1599.0842000000002400	0.0000179993221536
1599.0956000000001000	0.0000180994447874
1599.1055000000001200	0.0000183998163266
1599.1168000000000100	0.0000181924169738
1599.1282000000001000	0.0000176596167876
1599.1376000000000200	0.0000177919228008
1599.1431000000002300	0.0000181888426596
1599.1518000000000900	0.0000179528360604
1599.1655000000000600	0.0000173717617145
1599.1781000000000800	0.0000173753378476
1599.1875000000000000	0.0000176310095412
1599.1978000000001400	0.0000175201585080
1599.2093000000002100	0.0000171625742951
1599.2189000000000700	0.0000168461119756
1599.2250000000001300	0.0000171393312485
1599.2320000000002000	0.0000173556691152
1599.2442000000000900	0.0000169015384017
1599.2569000000000800	0.0000165993787959
1599.2665000000001800	0.0000167906873685
1599.2762000000002400	0.0000171572100953
1599.2878000000000600	0.0000169945087691
1599.2986000000000800	0.0000167960497492
1599.3057000000001100	0.0000171089359355
1599.3122000000000700	0.0000173020325747
1599.3236000000001700	0.0000172162126546
1599.3369000000000100	0.0000172180007212
1599.3466000000000800	0.0000173467306013
1599.3559000000000200	0.0000174468532350
1599.3666000000000600	0.0000170785424416
1599.3778999999999500	0.0000170159655681
1599.3869999999999400	0.0000174200358742
1599.3931999999999800	0.0000172019081219
1599.4028000000000700	0.0000166995032487
1599.4166000000000100	0.0000163848289958
1599.4296000000001600	0.0000166387126228
1599.4402999999999800	0.0000168800834217
1599.4516000000001000	0.0000162972191902
1599.4634000000000900	0.0000159324845299
1599.4733999999998500	0.0000161309435498
1599.4799000000000400	0.0000165958026628
1599.4881000000000300	0.0000160683666763
1599.5009000000000000	0.0000157429640240
1599.5136999999999700	0.0000160665786098
1599.5237999999999400	0.0000164348894032
1599.5348000000001300	0.0000160987601703
1599.5462000000000000	0.0000156946898642
1599.5559000000000600	0.0000161845800903
1599.5625999999999700	0.0000166011668625
1599.5691999999999100	0.0000161166390171
1599.5808000000001800	0.0000157322356245
1599.5935999999999200	0.0000159414230438
1599.6032000000000100	0.0000164545563166
1599.6122000000000300	0.0000163544336829
1599.6228999999998400	0.0000157304493769
1599.6338000000000600	0.0000157036301971
1599.6410000000000700	0.0000162042488228
1599.6471000000001300	0.0000163276145031
1599.6572000000001000	0.0000156106580107
1599.6697000000001500	0.0000146988168126
1599.6805000000001600	0.0000155731122504
1599.6893999999999800	0.0000159521514433
1599.6993999999999700	0.0000154193494382
1599.7095999999999100	0.0000143555371324
1599.7185999999999200	0.0000146594829857
1599.7248000000001800	0.0000153603486979
1599.7339999999999200	0.0000151940712385
1599.7472000000000200	0.0000142339576996
1599.7593000000001600	0.0000139496769407
1599.7694000000001300	0.0000148740346049
1599.7808999999999700	0.0000152977718244
1599.7938000000001400	0.0000146702113852
1599.8035000000002100	0.0000142715034599
1599.8099999999999400	0.0000148257604451
1599.8182999999999100	0.0000152423453983
1599.8319999999998800	0.0000151171916514
1599.8457000000000800	0.0000146648471855
1599.8558000000000400	0.0000148686704051
1599.8659999999999800	0.0000151261301653
1599.8775000000000500	0.0000150045525515
1599.8876000000000200	0.0000146201491589
1599.8945000000001100	0.0000147345763253
1599.9009000000000900	0.0000147238479258
1599.9121000000000100	0.0000144967816595
1599.9253999999998500	0.0000143197776197
1599.9356000000000200	0.0000144520836329
1599.9456000000000100	0.0000144663881656
1599.9565999999999800	0.0000139568292070
1599.9674999999999700	0.0000135867303470
1599.9758999999999100	0.0000140515894600
1599.9823000000001200	0.0000143465967994
1599.9922999999998800	0.0000137923398142
1600.0054000000000100	0.0000133364210342
1600.0159000000001000	0.0000135509708343
1600.0250000000000900	0.0000142500484799
1600.0349000000001000	0.0000141231066664
1600.0460000000000500	0.0000133096018544
1600.0548000000001100	0.0000133686025947
1600.0608999999999400	0.0000141052278195
1600.0694000000000800	0.0000143984470924
1600.0817999999999300	0.0000136743383337
1600.0929999999998500	0.0000134651509143
1600.1031000000000400	0.0000140515894600
1600.1145999999998800	0.0000146684233187
1600.1255000000001000	0.0000141642285598
1600.1345000000001100	0.0000135706377478
1600.1411000000000500	0.0000138799496199
1600.1488000000001600	0.0000145039339259
1600.1611000000000300	0.0000142285934999
1600.1736000000000800	0.0000134043621074
1600.1838000000000200	0.0000133096018544
1600.1939999999999600	0.0000140408610605
1600.2055000000000300	0.0000140122556331
1600.2158999999999200	0.0000132559634949
1600.2231000000001600	0.0000128143474285
1600.2291000000000100	0.0000134901820275
1600.2398000000000600	0.0000137708848342
1600.2526000000000300	0.0000131540527946
1600.2631000000001200	0.0000126856175484
1600.2722000000001100	0.0000132595396281
1600.2831000000001000	0.0000137619463203
1600.2942000000000400	0.0000136028211273
1600.3028000000001600	0.0000130288972287
1600.3087000000000400	0.0000132988734549
1600.3179999999999800	0.0000138656450872
1600.3311000000001000	0.0000137744609674
1600.3423000000000200	0.0000133435714815
1600.3507999999999300	0.0000134204528877
1600.3605999999999700	0.0000138191589940
1600.3719000000000900	0.0000137351271405
1600.3811000000000600	0.0000133811190608
1600.3876000000000200	0.0000132970853883
1600.3950999999999500	0.0000134758793138
1600.4075000000000300	0.0000134776655614
1600.4200000000000700	0.0000130592925416
1600.4304000000001900	0.0000128626215883
1600.4406000000001300	0.0000131862343551
1600.4527000000000500	0.0000131540527946
1600.4638000000002200	0.0000126802533487
1600.4710999999999800	0.0000127052844618
1600.4775000000001900	0.0000129770487547
1600.4889000000000600	0.0000130163825816
1600.5020999999999300	0.0000124996731756
1600.5132000000001000	0.0000124370963022
1600.5239000000001400	0.0000128089832288
1600.5347999999999000	0.0000131504766614
1600.5453000000000000	0.0000125980077428
1600.5533000000000300	0.0000123530626297
1600.5591999999999200	0.0000128214996948
1600.5684000000001100	0.0000134222409542
1600.5807999999999500	0.0000130878997879
1600.5921000000000700	0.0000125479473354
1600.6008000000001600	0.0000128787123685
1600.6100999999998700	0.0000135974569275
1600.6208000000001400	0.0000136153357744
1600.6302000000000600	0.0000129502295749
1600.6366000000000400	0.0000126015838759
1600.6434000000001500	0.0000134830297611
1600.6553000000001200	0.0000138298873935
1600.6671000000001200	0.0000133793309942
1600.6763000000000800	0.0000124138532556
1600.6851000000001500	0.0000128697720356
1600.6960000000001400	0.0000136439430207
1600.7063000000000500	0.0000134705151140
1600.7137000000000200	0.0000124800062622
1600.7199000000000500	0.0000123870340758
1600.7309000000000200	0.0000131719316414
1600.7437000000002200	0.0000132488130475
1600.7545000000000100	0.0000126874037960
1600.7646999999999500	0.0000123959725897
1600.7762999999999900	0.0000128912270156
1600.7879000000000300	0.0000131951746880
1600.7963000000002000	0.0000130432017613
1600.8020000000001300	0.0000127481944219
1600.8111999999998700	0.0000129430773086
1600.8247999999998700	0.0000131558408611
1600.8371999999999400	0.0000129412892420
1600.8469000000000000	0.0000130020798679
1600.8573000000001200	0.0000131451124616
1600.8688999999999400	0.0000131719316414
1600.8789000000001600	0.0000130306852952
1600.8857000000000400	0.0000129091076815
1600.8932000000002000	0.0000130521402752
1600.9058000000000000	0.0000131915985548
1600.9187000000001700	0.0000127821640490
1600.9284999999999800	0.0000125640381157
1600.9379999999998700	0.0000128125593619
1600.9492999999999900	0.0000130163825816
1600.9601999999999800	0.0000125926453620
1600.9681000000000500	0.0000124013367895
1600.9742000000001100	0.0000126677368826
1600.9852000000000800	0.0000128483170556
1600.9986999999998700	0.0000125050373754
1601.0093000000001600	0.0000121903631225
1601.0176000000001300	0.0000124281559692
1601.0281999999999700	0.0000128572573885
1601.0402000000001400	0.0000126337672555
1601.0496000000000500	0.0000122600904433
1601.0552000000002400	0.0000123298195831
1601.0630000000001000	0.0000128572573885
1601.0760000000000200	0.0000128447409224
1601.0885000000000700	0.0000125068236230
1601.0981000000001600	0.0000124353082356
1601.1086000000000200	0.0000128769243020
1601.1209999999998700	0.0000130682328745
1601.1315000000001900	0.0000127928924485
1601.1383000000000700	0.0000125247042888
1601.1449999999999800	0.0000128214996948
1601.1567999999999700	0.0000130753833218
1601.1696999999999200	0.0000127768016682
1601.1801000000000400	0.0000122761830426
1601.1894999999999500	0.0000126051600091
1601.2002999999999700	0.0000128071951622
1601.2106000000001100	0.0000124925209093
1601.2183000000002200	0.0000119561445899
1601.2236000000000300	0.0000121438770293
1601.2334000000000700	0.0000126087361423
1601.2461000000000700	0.0000123369718494
1601.2572000000000100	0.0000115806815302
1601.2663000000000000	0.0000117219260574
1601.2768000000000900	0.0000125139758893
1601.2880000000000100	0.0000125014612422
1601.2970000000002500	0.0000115645889309
1601.3030000000001100	0.0000115038001240
1601.3105000000000500	0.0000122046658362
1601.3228000000001400	0.0000127714374685
1601.3349000000000600	0.0000119239612104
1601.3440000000000500	0.0000115073762572
1601.3531000000000400	0.0000119114465633
1601.3644999999999100	0.0000129591680889
1601.3748000000000500	0.0000125300666696
1601.3825000000001600	0.0000116593491839
1601.3888000000001700	0.0000117755644169
1601.4005000000001900	0.0000124764301290
1601.4139000000000100	0.0000125837050291
1601.4249000000002000	0.0000118363532238
1601.4350000000001700	0.0000116092869575
1601.4470000000001100	0.0000118667485367
1601.4588000000001100	0.0000123190930026
1601.4672000000000500	0.0000120455406432
1601.4730000000001800	0.0000114912854769
1601.4833000000001000	0.0000115788934636
1601.4972999999999900	0.0000119400538097
1601.5096000000000900	0.0000119275373436
1601.5192999999999300	0.0000116629253171
1601.5306000000000500	0.0000115914081107
1601.5428999999999200	0.0000116271658044
1601.5523000000000600	0.0000116986830108
1601.5586000000000700	0.0000118256266433
1601.5666000000001100	0.0000117040472105
1601.5794000000000800	0.0000113500391308
1601.5919000000001200	0.0000114608901640
1601.6014999999999900	0.0000116253795568
1601.6107000000001800	0.0000117290783237
1601.6221000000000400	0.0000114948597911
1601.6327000000001100	0.0000111712470243
1601.6397000000001700	0.0000112338238978
1601.6453999999998800	0.0000117022591439
1601.6561999999999000	0.0000117451691040
1601.6687999999999200	0.0000110764867713
1601.6784999999999800	0.0000107260530058
1601.6870000000001200	0.0000114465856313
1601.6974000000002400	0.0000116289538710
1601.7083000000000100	0.0000111819736048
1601.7164999999999900	0.0000105776562123
1601.7222000000001600	0.0000107457217382
1601.7310999999999700	0.0000114108279377
1601.7441000000001100	0.0000111998524517
1601.7560000000000800	0.0000102772846731
1601.7661000000000500	0.0000102915892057
1601.7771000000000200	0.0000109298762254
1601.7887000000000600	0.0000109084212454
1601.7988000000000300	0.0000102862250060
1601.8058000000000900	0.0000101986170193
1601.8136999999999200	0.0000104864720925
1601.8262999999999400	0.0000107671767182
1601.8389000000001900	0.0000103666807263
1601.8495000000000300	0.0000101932528196
1601.8600999999998700	0.0000103488018794
1601.8713999999999900	0.0000106902953121
1601.8811000000000600	0.0000103541660792
1601.8879999999999200	0.0000101968289528
1601.8947000000000600	0.0000103148322523
1601.9058000000002200	0.0000106473853521
1601.9189000000001200	0.0000103130441858
1601.9293000000000100	0.0000100877659861
1601.9391000000000500	0.0000101771620393
1601.9501999999999900	0.0000104471382656
1601.9608000000000600	0.0000103738329926
1601.9687000000001200	0.0000100877659861
1601.9750999999998800	0.0000100108845800
1601.9847999999999500	0.0000103505899460
1601.9975000000001700	0.0000102451031125
1602.0084000000001600	0.0000100609468063
1602.0179000000000500	0.0000099930057331
1602.0289000000000200	0.0000100752495200
1602.0404000000000900	0.0000101753739727
1602.0496000000000500	0.0000099804910860
1602.0561999999999900	0.0000099179123936
1602.0644999999999500	0.0000098732143670
1602.0775000000001000	0.0000098982454801
1602.0900999999998900	0.0000098052732938
1602.0999000000001600	0.0000097909705801
1602.1102000000000800	0.0000098356686067
1602.1222999999999900	0.0000098481832538
1602.1325999999999100	0.0000096354215202
1602.1398999999999000	0.0000097283937066
1602.1467999999999800	0.0000099590342870
1602.1585999999999800	0.0000099071858131
1602.1717000000001000	0.0000095156301541
1602.1822000000001900	0.0000096068142739
1602.1924000000001300	0.0000100359156932
1602.2032000000001500	0.0000099715507531
1602.2129999999999600	0.0000094923871075
1602.2203999999999200	0.0000093261114671
1602.2263000000000400	0.0000097569991340
1602.2364000000000000	0.0000098392447399
1602.2491000000002200	0.0000092206228146
1602.2596000000000900	0.0000089309796749
1602.2687000000000800	0.0000092456539278
1602.2796000000000700	0.0000094959632406
1602.2909000000001900	0.0000089685254352
1602.2994000000001000	0.0000087593398348
1602.3053999999999600	0.0000088165525085
1602.3140000000000800	0.0000092921400210
1602.3266000000001000	0.0000089345558081
1602.3374999999998600	0.0000086467007350
1602.3461999999999500	0.0000086860345618
1602.3559000000000200	0.0000089792538347
1602.3669000000002100	0.0000089738896349
1602.3757000000000500	0.0000086037907749
1602.3821000000000300	0.0000084518160293
1602.3894000000000200	0.0000088183405751
1602.4012999999999900	0.0000090150115284
1602.4139000000002400	0.0000086306081357
1602.4244000000001000	0.0000084536040958
1602.4345000000000700	0.0000087503995019
1602.4455000000000400	0.0000090614976216
1602.4561000000001000	0.0000088505239546
1602.4638999999999600	0.0000085555166152
1602.4705999999998700	0.0000087521875685
1602.4823000000001200	0.0000091508936748
1602.4956999999999400	0.0000090525591077
1602.5070000000000600	0.0000087986736617
1602.5180000000000300	0.0000088076139946
1602.5297000000000500	0.0000089649511210
1602.5406000000000400	0.0000090007088147
1602.5491000000001800	0.0000087736425485
1602.5555000000001600	0.0000086449126684
1602.5655000000001500	0.0000087861571956
1602.5789999999999500	0.0000088737670012
1602.5900000000001400	0.0000085894862423
1602.5996999999999800	0.0000085376359493
1602.6115000000002000	0.0000086931868282
1602.6228000000001000	0.0000087396729214
1602.6311000000000600	0.0000084983021225
1602.6367999999999900	0.0000086216696218
1602.6464000000000800	0.0000088701908680
1602.6594000000000000	0.0000086538511823
1602.6702000000000200	0.0000084017556219
1602.6786999999999300	0.0000085751835286
1602.6887999999999000	0.0000088523120212
1602.7001000000000200	0.0000086806703621
1602.7095000000001600	0.0000082891165221
1602.7157000000002000	0.0000083284503489
1602.7224000000001000	0.0000086341842689
1602.7345000000000200	0.0000086896106950
1602.7469999999998400	0.0000080119880295
1602.7568000000001100	0.0000078546509030
1602.7667999999998700	0.0000082158112491
1602.7784000000001400	0.0000085751835286
1602.7889000000000100	0.0000079833807831
1602.7966000000001200	0.0000076919495768
1602.8033000000000300	0.0000078689536167
1602.8144999999999500	0.0000083481172624
1602.8280999999999500	0.0000081228390627
1602.8394000000000700	0.0000075489151641
1602.8496000000000100	0.0000075256721175
1602.8611000000000800	0.0000080513218563
1602.8715000000001900	0.0000082354781625
1602.8795000000000100	0.0000077330714703
1602.8855000000000900	0.0000072878792707
1602.8960999999999300	0.0000078206794569
1602.9089000000001300	0.0000082086589828
1602.9200000000000700	0.0000079976834968
1602.9299000000000900	0.0000075364005170
1602.9410000000000300	0.0000077491622505
1602.9513000000001700	0.0000082658734755
1602.9599000000000600	0.0000083624199760
1602.9662000000000700	0.0000079744404502
1602.9755000000000100	0.0000078868324636
1602.9882999999999800	0.0000082497808762
1602.9995000000001200	0.0000083802988229
1603.0085000000001400	0.0000081532343756
1603.0185000000001300	0.0000079458350228
1603.0295000000001000	0.0000080084118963
1603.0388000000000400	0.0000081264151959
1603.0448000000001200	0.0000079386827565
1603.0525000000000100	0.0000077169806900
1603.0651000000000300	0.0000077366476035
1603.0772999999999200	0.0000078010125435
1603.0875000000000900	0.0000075328243838
1603.0990000000001600	0.0000074470044638
1603.1116999999999300	0.0000076758587966
1603.1224000000002000	0.0000076919495768
1603.1291000000001100	0.0000074613071774
1603.1367999999999900	0.0000074112449511
1603.1497999999999100	0.0000076561918831
1603.1630000000000100	0.0000078117409430
1603.1739000000002300	0.0000076329488365
1603.1847999999999900	0.0000074773997767
1603.1957999999999600	0.0000077151926234
1603.2055000000000300	0.0000079494111560
1603.2127000000000400	0.0000077455879364
1603.2189000000000700	0.0000075203097367
1603.2294999999999100	0.0000077366476035
1603.2413000000001400	0.0000078814700828
1603.2510000000002000	0.0000078010125435
1603.2609999999999700	0.0000076812211773
1603.2719999999999300	0.0000077098284237
1603.2813000000001000	0.0000078528628364
1603.2889000000002400	0.0000078260436567
1603.2950000000000700	0.0000076436754171
1603.3051000000000400	0.0000075399766502
1603.3179999999999800	0.0000077581025835
1603.3288999999999700	0.0000078010125435
1603.3378999999999900	0.0000074094587035
1603.3484000000000800	0.0000074005183706
1603.3597999999999500	0.0000076561918831
1603.3689999999999100	0.0000076400992839
1603.3745999999998700	0.0000073593964771
1603.3831999999999900	0.0000071770282375
1603.3957000000000300	0.0000074023064371
1603.4079999999999000	0.0000076454634836
1603.4182000000000700	0.0000074505805969
1603.4288000000001400	0.0000069714169513
1603.4401000000000300	0.0000072950315371
1603.4499000000000700	0.0000077420118032
1603.4567999999999300	0.0000076830092439
1603.4651999999998700	0.0000071001468314
1603.4783999999999600	0.0000072360289778
1603.4916000000000600	0.0000077437998698
1603.5022000000001300	0.0000078242555901
1603.5126000000000200	0.0000071645117714
1603.5235000000000100	0.0000068301706051
1603.5336999999999500	0.0000074309136835
1603.5406000000000400	0.0000077849217632
1603.5466999999998700	0.0000071448448580
1603.5581999999999400	0.0000065208605520
1603.5706999999999900	0.0000068552017183
1603.5815000000000000	0.0000075578554970
1603.5916999999999400	0.0000071573613241
1603.6027999999998900	0.0000064851028583
1603.6128000000001000	0.0000065762851591
1603.6203000000000400	0.0000072413931775
1603.6268000000000000	0.0000073361534305
1603.6385000000000200	0.0000067228957050
1603.6518000000000900	0.0000065119202191
1603.6618000000000800	0.0000069177785917
1603.6703000000000000	0.0000074648833106
1603.6817000000000900	0.0000070536607382
1603.6929999999999800	0.0000065923777584
1603.7008000000000700	0.0000067497148848
1603.7061000000001000	0.0000071680879046
1603.7160999999998700	0.0000072127859312
1603.7296000000001200	0.0000069374455052
1603.7409999999999800	0.0000067729579314
1603.7508000000000200	0.0000070125388447
1603.7612000000001400	0.0000071555732575
1603.7723000000000800	0.0000070429341577
1603.7814000000000700	0.0000068802328315
1603.7871000000000100	0.0000069678408181
1603.7963000000002000	0.0000069106281444
1603.8094999999998400	0.0000069606885518
1603.8219000000001400	0.0000069142024586
1603.8324000000000000	0.0000067962009780
1603.8425999999999500	0.0000066352877184
1603.8539000000000600	0.0000066889242589
1603.8631000000000300	0.0000067622295319
1603.8691000000001100	0.0000065441035986
1603.8772000000001300	0.0000064511314122
1603.8899999999998700	0.0000065816493588
1603.9017999999998600	0.0000066638949647
1603.9113000000002100	0.0000066567426984
1603.9225000000001300	0.0000063957049861
1603.9338000000000200	0.0000063527950260
1603.9436000000000600	0.0000067085929913
1603.9501999999999900	0.0000068855970312
1603.9574999999999800	0.0000065262247517
1603.9697000000001000	0.0000062884300860
1603.9815000000000900	0.0000067532910180
1603.9912000000001600	0.0000071394806582
1604.0012000000001500	0.0000067103810579
1604.0128999999999400	0.0000061167902459
1604.0229999999999100	0.0000064082214521
1604.0303999999998700	0.0000071162394306
1604.0370000000000300	0.0000070143269113
1604.0489000000000000	0.0000061418213591
1604.0622000000000700	0.0000059362100728
1604.0731000000000700	0.0000067228957050
1604.0830000000000800	0.0000072378170444
1604.0944999999999200	0.0000063384923124
1604.1056999999998400	0.0000056286862673
1604.1143999999999300	0.0000061257287598
1604.1204999999999900	0.0000070143269113
1604.1313000000000100	0.0000067264718382
1604.1458000000002300	0.0000058110545069
1604.1584000000000300	0.0000056358385336
1604.1683000000000400	0.0000064564956119
1604.1790000000000900	0.0000069553261710
1604.1902000000000000	0.0000060488491727
1604.1992999999999900	0.0000054534702940
1604.2051000000001300	0.0000059791200329
1604.2134000000000900	0.0000067318360379
1604.2260000000001100	0.0000063706756919
1604.2381000000000300	0.0000057824490796
1604.2472999999999900	0.0000057395391195
1604.2570000000000600	0.0000062884300860
1604.2683999999999300	0.0000064958294388
1604.2781999999999700	0.0000061650644056
1604.2840999999998500	0.0000057609940995
1604.2907000000000100	0.0000059826961660
1604.3027000000001800	0.0000061954578996
1604.3152999999999800	0.0000061525479396
1604.3237000000001400	0.0000059004505601
1604.3321000000000800	0.0000057860252127
1604.3428000000001200	0.0000058575406001
1604.3536000000001400	0.0000059523008531
1604.3605000000002300	0.0000058825717133
1604.3659000000000100	0.0000056912649598
1604.3774000000000800	0.0000055768377933
1604.3913000000000000	0.0000057180841395
1604.4024000000001700	0.0000058629047999
1604.4112999999999800	0.0000057645684137
1604.4230000000000000	0.0000055464424804
1604.4345000000000700	0.0000055357158999
1604.4432999999999100	0.0000058217829064
1604.4483000000000200	0.0000059487247199
1604.4585000000001800	0.0000056036569731
1604.4720000000002100	0.0000053551357269
1604.4842000000001000	0.0000057305987866
1604.4937999999999600	0.0000060416969063
1604.5049999999998800	0.0000056948410929
1604.5161000000000500	0.0000053175881476
1604.5251000000000600	0.0000054874417401
1604.5308000000000000	0.0000060488491727
1604.5395000000000900	0.0000058593286667
1604.5532000000000600	0.0000053551357269
1604.5652000000000000	0.0000053461953939
1604.5750000000000400	0.0000058360856201
1604.5854999999999100	0.0000061525479396
1604.5971000000001800	0.0000055178352341
1604.6058000000000400	0.0000051316455938
1604.6124000000002000	0.0000055732616602
1604.6202000000000700	0.0000061060618464
1604.6329000000000600	0.0000056233238865
1604.6437000000000800	0.0000051191291277
1604.6529000000000400	0.0000052442846936
1604.6629000000000300	0.0000057377510529
1604.6745000000000800	0.0000056859007600
1604.6843000000001200	0.0000051763436204
1604.6917000000000800	0.0000049439131544
1604.6978000000001400	0.0000053837411542
1604.7094999999999300	0.0000056662338466
1604.7227000000000300	0.0000052460709412
1604.7337000000002200	0.0000049260343076
1604.7436000000000100	0.0000052550112741
1604.7547000000001800	0.0000055035325204
1604.7662000000000200	0.0000053587100410
1604.7753000000000100	0.0000050458238547
1604.7811000000001500	0.0000051656152209
1604.7909000000001900	0.0000053140120144
1604.8043999999999800	0.0000052711020544
1604.8157000000001000	0.0000050154303608
1604.8259000000000400	0.0000049850350479
1604.8368000000000400	0.0000051924344007
1604.8474000000001000	0.0000051066144806
1604.8560999999999700	0.0000048241217883
1604.8622000000000300	0.0000048026668082
1604.8708999999998900	0.0000050136422942
1604.8837000000000900	0.0000049653681344
1604.8957000000000300	0.0000047669091146
1604.9049999999999700	0.0000047096946219
1604.9158999999999600	0.0000048884867283
1604.9279000000001300	0.0000049313966883
1604.9374000000000200	0.0000047937282943
1604.9437000000000300	0.0000047043304221
1604.9510999999999900	0.0000047365138016
1604.9638999999999600	0.0000048026668082
1604.9762000000000600	0.0000046971799748
1604.9847999999999500	0.0000046435416152
1604.9940000000001400	0.0000048330621212
1605.0055000000002100	0.0000047865760280
1605.0153000000000200	0.0000046274508350
1605.0223000000000800	0.0000046667846618
1605.0278000000000700	0.0000049099417083
1605.0394000000001100	0.0000049170939747
1605.0525000000000100	0.0000047043304221
1605.0633000000000200	0.0000047955145419
1605.0728000000001400	0.0000050726430345
1605.0848000000000800	0.0000051584629546
1605.0967000000000500	0.0000048563051678
1605.1057000000000700	0.0000046900277084
1605.1109999999998700	0.0000049474892876
1605.1213000000000200	0.0000051870702009
1605.1355000000000900	0.0000048688198149
1605.1475000000000300	0.0000045058714022
1605.1565000000000500	0.0000046095719881
1605.1675999999999900	0.0000048795482144
1605.1789999999998600	0.0000047472422011
1605.1886999999999200	0.0000043342315621
1605.1945000000000600	0.0000042305309762
1605.2029999999999700	0.0000045702363423
1605.2165999999999700	0.0000047096946219
1605.2291000000000100	0.0000043717773224
1605.2384999999999300	0.0000040267095756
1605.2490000000000200	0.0000044146872824
1605.2606000000000700	0.0000047007561079
1605.2698000000000300	0.0000045005090215
1605.2753999999999900	0.0000040857103158
1605.2827999999999500	0.0000042537740228
1605.2953000000000000	0.0000045791766752
1605.3066000000001100	0.0000046131481213
1605.3155999999999000	0.0000042055016820
1605.3252999999999700	0.0000040642553358
1605.3362000000001900	0.0000043985965021
1605.3459000000000300	0.0000045684500947
1605.3528999999998600	0.0000042287447286
1605.3589000000001700	0.0000040731938498
1605.3703000000000400	0.0000042966858018
1605.3831000000000100	0.0000044486587285
1605.3935999999998800	0.0000042770170694
1605.4031999999999700	0.0000041393486754
1605.4150000000001900	0.0000042072897486
1605.4258000000002100	0.0000042466235755
1605.4338000000000200	0.0000042698666221
1605.4402999999999800	0.0000041947732825
1605.4513999999999200	0.0000041286202759
1605.4650999999998900	0.0000041697421693
1605.4760000000001100	0.0000041464991227
1605.4857000000001800	0.0000041268322093
1605.4963999999999900	0.0000042162282625
1605.5072000000000100	0.0000041822586354
1605.5148999999999000	0.0000040874983824
1605.5203000000001300	0.0000041375606088
1605.5297000000000500	0.0000042877454689
1605.5425999999999900	0.0000043092004489
1605.5535999999999600	0.0000042001374823
1605.5632000000000500	0.0000041304083425
1605.5746000000001400	0.0000042555620894
1605.5862999999999400	0.0000043521104089
1605.5956000000001000	0.0000042341071094
1605.6015999999999600	0.0000040392242227
1605.6110999999998500	0.0000040338600229
1605.6246000000001000	0.0000041876210162
1605.6359999999999700	0.0000040696195356
1605.6450999999999500	0.0000038139460230
1605.6555000000000700	0.0000037710360630
1605.6669000000001700	0.0000039015540096
1605.6763000000000800	0.0000038854632294
1605.6823000000001700	0.0000037156096369
1605.6897000000001300	0.0000035403932088
1605.7028000000000200	0.0000036458909562
1605.7154000000000400	0.0000037281261029
1605.7262000000000600	0.0000036423148231
1605.7368999999998800	0.0000034796207729
1605.7489000000000500	0.0000035833177208
1605.7599000000000100	0.0000036780638766
1605.7679000000000500	0.0000036458909562
1605.7751000000000600	0.0000035976077015
1605.7875000000001300	0.0000036333799471
1605.8016999999999800	0.0000036548294702
1605.8129000000001200	0.0000036512460611
1605.8227000000001700	0.0000036691485548
1605.8333999999999800	0.0000036995188566
1605.8437000000001200	0.0000037173977034
1605.8514000000000100	0.0000036441156226
1605.8573000000001200	0.0000036047672438
1605.8678999999999600	0.0000037209738366
1605.8798000000001600	0.0000038193102228
1605.8895000000000000	0.0000036566302697
1605.8993000000000400	0.0000034742402022
1605.9100000000000800	0.0000036816400097
1605.9200000000000700	0.0000037996433093
1605.9273000000000600	0.0000036387314140
1605.9333999999998900	0.0000034974905248
1605.9437000000000300	0.0000035439693420
1605.9560999999998800	0.0000036834280763
1605.9661000000000900	0.0000036923665903
1605.9753000000000600	0.0000034635299926
1605.9865999999999500	0.0000034599465835
1605.9982000000000000	0.0000036619890125
1606.0072999999999800	0.0000036887922761
1606.0131000000001200	0.0000035064254007
1606.0228999999999300	0.0000034653016883
1606.0362000000000100	0.0000036387314140
1606.0482000000001800	0.0000037889149098
1606.0586000000000700	0.0000036458909562
1606.0694000000000800	0.0000034581712498
1606.0806000000000000	0.0000036601845750
1606.0898999999999400	0.0000038336129364
1606.0964000000001300	0.0000037781883293
1606.1055999999998700	0.0000034474355743
1606.1192000000000900	0.0000034581712498
1606.1319000000000800	0.0000036905785237
1606.1419000000000800	0.0000036762758100
1606.1524000000001700	0.0000033329956750
1606.1636000000000900	0.0000031828235478
1606.1731999999999500	0.0000034313375181
1606.1796000000001600	0.0000035046500670
1606.1869000000001500	0.0000032883212953
1606.1987000000001400	0.0000030380028875
1606.2105000000001400	0.0000031863996810
1606.2204999999999000	0.0000033312239793
1606.2312000000001700	0.0000032847451621
1606.2427000000000100	0.0000031077320273
1606.2527999999999800	0.0000030630285437
1606.2595999999998600	0.0000032418133742
1606.2675999999999000	0.0000032632665352
1606.2796000000000700	0.0000031559898162
1606.2917000000002200	0.0000031059312278
1606.3010999999999000	0.0000031703089007
1606.3111999999998700	0.0000031899830901
1606.3225999999999600	0.0000032114326132
1606.3326999999999300	0.0000032311068026
1606.3396999999999900	0.0000031828235478
1606.3460000000000000	0.0000030952173802
1606.3573000000001200	0.0000031631493584
1606.3699000000001400	0.0000032525526876
1606.3807999999999100	0.0000031613703868
1606.3914000000002000	0.0000030648075153
1606.4023999999999400	0.0000030093901842
1606.4121999999999800	0.0000031363447306
1606.4198999999998700	0.0000031631493584
1606.4265000000000300	0.0000030344194784
1606.4368999999999200	0.0000029289471968
1606.4500000000000400	0.0000029915240702
1606.4610000000000100	0.0000031613703868
1606.4705000000001300	0.0000030505175346
1606.4821000000001700	0.0000028699246286
1606.4936999999999900	0.0000029664947760
1606.5026000000000300	0.0000031309605220
1606.5081999999999900	0.0000030791265999
1606.5178000000000800	0.0000029199868550
1606.5308000000002200	0.0000029021134651
1606.5413000000000900	0.0000031023769225
1606.5504000000000800	0.0000032042730709
1606.5612000000001000	0.0000029915240702
1606.5722000000000600	0.0000028091558306
1606.5805000000000300	0.0000030469341255
1606.5866000000000900	0.0000032453931453
1606.5948000000000800	0.0000030201294976
1606.6068000000000200	0.0000027340424822
1606.6191000000001100	0.0000028574099815
1606.6288000000001800	0.0000031488557397
1606.6388000000001700	0.0000030755431908
1606.6504999999999600	0.0000027018827495
1606.6606999999999000	0.0000026232114578
1606.6675000000000200	0.0000030058140510
1606.6749999999999500	0.0000030612532100
1606.6873000000000500	0.0000027430028240
1606.7002999999999700	0.0000024587166081
1606.7106000000001100	0.0000028127101359
1606.7212999999999300	0.0000030612532100
1606.7328000000000000	0.0000028592180570
1606.7435000000000400	0.0000024354662855
1606.7509000000000000	0.0000025606127565
1606.7582999999999600	0.0000029396610444
1606.7708000000000100	0.0000028931822271
1606.7841000000000800	0.0000025159383767
1606.7943999999999900	0.0000024604955797
1606.8051000000000400	0.0000028019962883
1606.8169000000000300	0.0000029199868550
1606.8275000000001000	0.0000026303418963
1606.8350000000000300	0.0000025069743970
1606.8407999999999400	0.0000026982993404
1606.8515999999999600	0.0000028502795431
1606.8641000000000100	0.0000026643351703
1606.8740000000002500	0.0000025713484320
1606.8836999999998600	0.0000026339253054
1606.8949000000000000	0.0000027555174711
1606.9052000000001500	0.0000026553748285
1606.9127000000000800	0.0000025087788345
1606.9184999999999900	0.0000025785079742
1606.9282000000000600	0.0000027000783120
1606.9399000000000800	0.0000025892218218
1606.9500000000000400	0.0000024623000172
1606.9592999999999800	0.0000025284530238
1606.9701000000000000	0.0000026553748285
1606.9808000000000400	0.0000025981821636
1606.9895000000001300	0.0000024515570658
1606.9954000000000200	0.0000024694304557
1607.0043000000000600	0.0000025874464882
1607.0167999999998700	0.0000026035372684
1607.0289000000000200	0.0000024712312552
1607.0392000000001600	0.0000024372670850
1607.0507999999999800	0.0000024891046451
1607.0625000000000000	0.0000025552576517
1607.0720000000001100	0.0000024909054446
1607.0788000000000000	0.0000024247524379
1607.0870999999999600	0.0000024354662855
1607.1000000000001300	0.0000024140167625
1607.1124999999999500	0.0000023997231438
1607.1226000000001500	0.0000023925636015
1607.1323999999999600	0.0000024408213903
1607.1435000000001300	0.0000023585994313
1607.1536000000000900	0.0000022548770175
1607.1605000000001800	0.0000023657298698
1607.1668000000001900	0.0000024819451028
1607.1784000000000100	0.0000023657298698
1607.1906000000001300	0.0000021261471375
1607.2011999999999700	0.0000022048184292
1607.2126000000000600	0.0000024372670850
1607.2245000000000300	0.0000024318828764
1607.2349999999999000	0.0000021440496312
1607.2426000000000400	0.0000020528636924
1607.2491999999999700	0.0000022888702915
1607.2599999999999900	0.0000024265277716
1607.2717999999999800	0.0000022405833988
1607.2819999999999200	0.0000019813264771
1607.2917999999999600	0.0000020868278625
1607.3030000000001100	0.0000024193682293
1607.3134000000000000	0.0000023514398890
1607.3215999999999900	0.0000019974245333
1607.3277000000000500	0.0000020367729121
1607.3383000000001200	0.0000023174793569
1607.3515999999999600	0.0000023460847842
1607.3634999999999300	0.0000020904112716
1607.3739000000000500	0.0000020349648366
1607.3850999999999600	0.0000021636947167
1607.3961000000001600	0.0000023514398890
1607.4046000000000700	0.0000021190166990
1607.4108000000001100	0.0000020028051040
1607.4199000000001000	0.0000021333066798
1607.4324999999998900	0.0000022960007300
1607.4438999999999800	0.0000021565642783
1607.4539000000002000	0.0000020778966245
1607.4642000000001200	0.0000021440496312
1607.4748000000001800	0.0000022709714358
1607.4832000000001200	0.0000022370072656
1607.4893999999999300	0.0000021261471375
1607.4972000000000200	0.0000021315349841
1607.5094000000001400	0.0000022280687517
1607.5208999999999800	0.0000022423623705
1607.5308000000000000	0.0000021565642783
1607.5416000000000100	0.0000020778966245
1607.5527999999999300	0.0000021261471375
1607.5626000000002000	0.0000021368900889
1607.5693000000001100	0.0000020868278625
1607.5768000000000500	0.0000020385482458
1607.5881000000001700	0.0000019849098862
1607.5994000000000600	0.0000019616813915
1607.6086000000002500	0.0000019562971829
1607.6184000000000600	0.0000019813264771
1607.6290000000001300	0.0000019151734705
1607.6387999999999400	0.0000018365078631
1607.6459000000002100	0.0000018311400254
1607.6526000000001200	0.0000019276881176
1607.6640000000002100	0.0000019849098862
1607.6773000000000600	0.0000018543939859
1607.6888000000001300	0.0000017292329630
1607.6999000000000700	0.0000018561820525
1607.7126000000000600	0.0000020188740564
1607.7235000000000600	0.0000019348476599
1607.7320000000002000	0.0000016863193650
1607.7390000000000300	0.0000016577230326
1607.7505000000001000	0.0000019133981368
1607.7635000000000200	0.0000019634603632
1607.7745999999999600	0.0000016666579086
1607.7847000000001600	0.0000015611710751
1607.7955000000001700	0.0000017506952190
1607.8057000000001100	0.0000019849098862
1607.8139000000001000	0.0000017667750853
1607.8196000000000300	0.0000015575913039
1607.8290999999999200	0.0000016344690721
1607.8418000000001500	0.0000018579592052
1607.8529000000000900	0.0000018472344436
1607.8632999999999800	0.0000016505634903
1607.8745000000001200	0.0000016219562440
1607.8861000000001700	0.0000017292329630
1607.8947000000000600	0.0000018114803879
1607.9011000000000400	0.0000017059935544
1607.9102000000000300	0.0000016755946035
1607.9221999999999700	0.0000017578420284
1607.9331000000001900	0.0000017935942651
1607.9418000000000600	0.0000017667750853
1607.9518000000000500	0.0000017828695036
1607.9625000000000900	0.0000018275748062
1607.9718000000000300	0.0000018418793388
1607.9778000000001100	0.0000017971740363
1607.9853000000000500	0.0000017703548565
1607.9972000000000200	0.0000018186253783
1608.0091999999999600	0.0000018651187474
1608.0193999999999000	0.0000017560503238
1608.0304000000001000	0.0000016183892058
1608.0418000000001900	0.0000017202962681
1608.0513000000000800	0.0000018114803879
1608.0577000000000700	0.0000016809624412
1608.0652999999999800	0.0000015003749922
1608.0775999999998500	0.0000015397088191
1608.0906999999999700	0.0000016362607766
1608.1010000000001100	0.0000015862021883
1608.1109000000001300	0.0000014538961750
1608.1223999999999700	0.0000014270769952
1608.1330000000000400	0.0000015665279989
1608.1404000000002200	0.0000016058618257
1608.1463000000001100	0.0000014592640127
1608.1569999999999200	0.0000014342219856
1608.1693999999999900	0.0000015772654933
1608.1791000000000600	0.0000016344690721
1608.1883000000000200	0.0000014914382973
1608.1996000000001400	0.0000014395898233
1608.2106999999998600	0.0000015862021883
1608.2186000000001500	0.0000017095733256
1608.2245000000000300	0.0000015522361991
1608.2346999999999700	0.0000014091908724
1608.2478000000001000	0.0000014771355836
1608.2583999999999400	0.0000017185082015
1608.2678000000000800	0.0000016005049019
1608.2789000000000200	0.0000013662918263
1608.2899000000002100	0.0000014002578155
1608.2983000000001500	0.0000016398405478
1608.3040000000000900	0.0000016881092506
1608.3132000000000500	0.0000014020458821
1608.3262000000002000	0.0000013341048088
1608.3378999999999900	0.0000014378017568
1608.3486000000000300	0.0000016505634903
1608.3607000000001800	0.0000015003749922
1608.3731000000000200	0.0000013358928754
1608.3828000000000900	0.0000013591322841
1608.3895000000000000	0.0000015611710751
1608.3985000000000100	0.0000015683160655
1608.4117999999998600	0.0000014413797089
1608.4232999999999200	0.0000013877431684
1608.4329999999999900	0.0000014681988887
1608.4438000000000100	0.0000015540115328
1608.4551000000001300	0.0000015683160655
1608.4643000000000900	0.0000014735558125
1608.4701000000000000	0.0000014753438791
1608.4767000000001600	0.0000015414968857
1608.4883999999999500	0.0000015307721242
1608.4998000000000500	0.0000015343518953
1608.5094000000001400	0.0000015307721242
1608.5192000000001800	0.0000014628310510
1608.5301999999999200	0.0000013698570456
1608.5398999999999900	0.0000014610411654
1608.5470000000000200	0.0000015450766568
1608.5534999999999800	0.0000013895312350
1608.5643999999999800	0.0000012625803265
1608.5765999999998700	0.0000012607922599
1608.5859000000000400	0.0000013412497992
1608.5955000000001300	0.0000013698570456
1608.6068000000000200	0.0000012339858131
1608.6178000000002100	0.0000011338540844
1608.6253999999999000	0.0000012518573840
1608.6309000000001100	0.0000013788064734
1608.6413999999999700	0.0000012733196399
1608.6546000000000700	0.0000011445788459
1608.6653000000001100	0.0000012125235571
1608.6755000000000500	0.0000013287333331
1608.6875999999999700	0.0000013251699329
1608.6992000000000200	0.0000012661600977
1608.7078000000001300	0.0000012554371551
1608.7138999999999600	0.0000012929792774
1608.7236000000000300	0.0000013251699329
1608.7371000000000500	0.0000012518573840
1608.7499000000000200	0.0000012447123936
1608.7598000000000400	0.0000013162186860
1608.7707000000000300	0.0000012196812804
1608.7830000000001300	0.0000011606732642
1608.7929999999998900	0.0000012500656794
1608.7987000000000500	0.0000012983507531
1608.8067000000000900	0.0000011839126728
1608.8194000000000800	0.0000011356457890
1608.8309999999999000	0.0000011731879113
1608.8402000000000900	0.0000012035868622
1608.8502000000000800	0.0000012232464996
1608.8620000000000800	0.0000011410136267
1608.8721000000000400	0.0000011016670669
1608.8788000000001800	0.0000011696081401
1608.8858000000000200	0.0000012625803265
1608.8984000000000400	0.0000011588851976
1608.9109000000000800	0.0000010998917332
1608.9202000000000200	0.0000011874924439
1608.9304000000001900	0.0000012321977465
1608.9428000000000300	0.0000011982190244
1608.9538000000000000	0.0000011857043773
1608.9610000000000100	0.0000012017987956
1608.9677000000001500	0.0000012286179754
1608.9797000000000900	0.0000012411326225
1608.9928999999999600	0.0000011678328065
1609.0036999999999800	0.0000011892841485
1609.0141000000001000	0.0000012447123936
1609.0255000000001900	0.0000011713998447
1609.0358000000001100	0.0000010730725535
1609.0431000000000900	0.0000011124063803
1609.0493000000001300	0.0000012017987956
1609.0598999999999700	0.0000010945202575
1609.0734999999999700	0.0000009675839010
1609.0841000000000300	0.0000009872453575
1609.0935000000001700	0.0000010301589555
1609.1044000000001700	0.0000010319470221
1609.1152999999999300	0.0000009604261777
1609.1236000000001200	0.0000009210924645
1609.1290000000001300	0.0000009926150142
1609.1389000000001500	0.0000010265791843
1609.1510000000000700	0.0000009675839010
1609.1616999999998800	0.0000009586344731
1609.1715000000001500	0.0000010247874798
1609.1829000000000200	0.0000010283672509
1609.1942000000001400	0.0000009926150142
1609.2030999999999500	0.0000010176424894
1609.2090000000000600	0.0000010587680208
1609.2183999999999700	0.0000010748606201
1609.2312999999999200	0.0000009997600046
1609.2420000000001900	0.0000009765205959
1609.2506000000000700	0.0000010408818980
1609.2609999999999700	0.0000011016670669
1609.2727999999999600	0.0000009961802334
1609.2818999999999500	0.0000009193016695
1609.2874999999999100	0.0000009961802334
1609.2959000000000700	0.0000010981000287
1609.3087000000000400	0.0000009979683000
1609.3211000000001100	0.0000008781788665
1609.3315999999999800	0.0000009014255511
1609.3427000000001500	0.0000010265791843
1609.3542999999999600	0.0000010408818980
1609.3638000000000800	0.0000009210924645
1609.3704000000000200	0.0000008495761676
1609.3786999999999800	0.0000009675839010
1609.3913000000000000	0.0000010480414403
1609.4040999999999700	0.0000009729408248
1609.4142999999999100	0.0000008710256907
1609.4254000000000800	0.0000009085778174
1609.4371000000001000	0.0000010122746517
1609.4475000000002200	0.0000010015480711
1609.4545000000000500	0.0000008906926041
1609.4615000000001100	0.0000008853311328
1609.4731000000001600	0.0000009407584685
1609.4854000000000200	0.0000009461217587
1609.4946999999999600	0.0000009085778174
1609.5045000000000100	0.0000008817586377
1609.5158000000001200	0.0000008835412473
1609.5262000000000200	0.0000008728155763
1609.5331999999998500	0.0000008495761676
1609.5397000000000400	0.0000008388450397
1609.5507000000000000	0.0000008263294831
1609.5625000000002300	0.0000007798433899
1609.5713000000000600	0.0000007762708947
1609.5805000000000300	0.0000008084533647
1609.5916999999999400	0.0000007798433899
1609.6023999999999900	0.0000007119004977
1609.6095000000000200	0.0000007172701544
1609.6146000000001100	0.0000007655397667
1609.6257000000000500	0.0000007887864513
1609.6384000000000400	0.0000007351471822
1609.6491000000000900	0.0000007136903832
1609.6592000000000500	0.0000007691195378
1609.6703999999999700	0.0000008316927733
1609.6808000000000900	0.0000007744810091
1609.6891000000000500	0.0000007226334446
1609.6948999999999600	0.0000007744810091
1609.7047000000002300	0.0000008495761676
1609.7172000000000500	0.0000008173882406
1609.7282000000000100	0.0000007315674111
1609.7378000000001000	0.0000007709021475
1609.7487000000001000	0.0000008173882406
